mmsi_a,mmsi_b,n_windows,n_both_stopped,n_both_moving,mooring_ratio,moving_ratio,lift,name_a,name_b,class_a,class_b
366972620,367060190,859,689,322,0.8020954598370198,0.3748544819557625,82.95224714352673,MIKIOI,"PI""ILANI",Tug Tow,Tug Tow
338199855,366972620,808,702,235,0.8688118811881188,0.2908415841584158,77.26848524969373,AHUA POINT,MIKIOI,Passenger,Tug Tow
338199855,367060190,758,652,226,0.8601583113456465,0.2981530343007915,63.17403915784895,AHUA POINT,"PI""ILANI",Passenger,Tug Tow
366913520,518728000,744,744,0,1.0,0.0,168.92069892473117,BLACK DIAMOND,ENCORE,Pleasure Craft/Sailing,Pleasure Craft/Sailing
303165000,338199855,742,737,0,0.9932614555256064,0.0,101.57144133075408,KAIMIKAI-O-KANALOA,AHUA POINT,Research Vessel,Passenger
338199855,366606000,735,726,6,0.9877551020408164,0.0081632653061224,94.51544926575316,AHUA POINT,HAWAII RESPONDER,Passenger,Oil Recovery
303165000,366606000,734,733,0,0.9986376021798364,0.0,156.55024370044532,KAIMIKAI-O-KANALOA,HAWAII RESPONDER,Research Vessel,Oil Recovery
338199855,367420170,724,693,85,0.9571823204419888,0.117403314917127,64.11820731449511,AHUA POINT,TIRA LANI,Passenger,Tug Tow
303165000,366972620,724,693,0,0.9571823204419888,0.0,114.83435307183603,KAIMIKAI-O-KANALOA,MIKIOI,Research Vessel,Tug Tow
303165000,436827810,719,719,0,1.0,0.0,168.92069892473117,KAIMIKAI-O-KANALOA,MISS JANE,Research Vessel,Fishing
366606000,366972620,717,684,5,0.9539748953974896,0.00697350069735,106.83170792431356,HAWAII RESPONDER,MIKIOI,Oil Recovery,Tug Tow
338199855,436827810,717,712,0,0.99302649930265,0.0,101.561921947239,AHUA POINT,MISS JANE,Passenger,Fishing
366972620,367420170,710,665,81,0.9366197183098592,0.1140845070422535,72.85623188405798,MIKIOI,TIRA LANI,Tug Tow,Tug Tow
338199855,367433780,709,621,132,0.8758815232722144,0.1861777150916784,40.0267517348446,AHUA POINT,STAR OF HONOLULU,Passenger,Passenger
366606000,436827810,709,708,0,0.998589562764457,0.0,156.47608385664714,HAWAII RESPONDER,MISS JANE,Oil Recovery,Fishing
369970261,369970966,707,627,87,0.8868458274398868,0.123055162659123,64.24326485578213,ILIWAI,95SC1203,"Public Vessel, Unclassified","Public Vessel, Unclassified"
303165000,367420170,700,696,0,0.9942857142857144,0.0,102.82129499766246,KAIMIKAI-O-KANALOA,TIRA LANI,Research Vessel,Tug Tow
366972620,436827810,699,669,0,0.9570815450643776,0.0,114.72405336049678,MIKIOI,MISS JANE,Tug Tow,Fishing
366913520,367416730,692,677,0,0.9783236994219652,0.0,151.61235234230088,BLACK DIAMOND,BELLA MARINA,Pleasure Craft/Sailing,Pleasure Craft/Sailing
367416730,518728000,692,677,0,0.9783236994219652,0.0,151.61235234230088,BELLA MARINA,ENCORE,Pleasure Craft/Sailing,Pleasure Craft/Sailing
366606000,367420170,691,685,3,0.9913169319826338,0.004341534008683,95.34783377250768,HAWAII RESPONDER,TIRA LANI,Oil Recovery,Tug Tow
367420170,436827810,682,678,0,0.9941348973607038,0.0,103.6605357682772,TIRA LANI,MISS JANE,Tug Tow,Fishing
303165000,338070127,678,678,0,1.0,0.0,159.510075029203,KAIMIKAI-O-KANALOA,HONOLULU,Research Vessel,Pilot vessel
338070127,338199855,676,673,5,0.9955621301775148,0.007396449704142,95.88769903793629,HONOLULU,AHUA POINT,Pilot vessel,Passenger
366972620,367433780,673,588,113,0.8736998514115899,0.1679049034175334,44.02351633823636,MIKIOI,STAR OF HONOLULU,Tug Tow,Passenger
338070127,366972620,671,633,33,0.9433681073025336,0.0491803278688524,110.2819085357082,HONOLULU,MIKIOI,Pilot vessel,Tug Tow
303165000,367060190,669,637,0,0.9521674140508222,0.0,92.47786217728736,KAIMIKAI-O-KANALOA,"PI""ILANI",Research Vessel,Tug Tow
338070127,366606000,668,667,0,0.998502994011976,0.0,147.6327269913621,HONOLULU,HAWAII RESPONDER,Pilot vessel,Oil Recovery
367060190,367420170,665,612,81,0.9203007518796992,0.1218045112781954,59.471433145947486,"PI""ILANI",TIRA LANI,Tug Tow,Tug Tow
366606000,367060190,662,627,8,0.947129909365559,0.0120845921450151,85.96415670617799,HAWAII RESPONDER,"PI""ILANI",Oil Recovery,Tug Tow
367060190,436827810,658,627,0,0.952887537993921,0.0,94.11993152883278,"PI""ILANI",MISS JANE,Tug Tow,Fishing
338070127,436827810,653,653,0,1.0,0.0,158.9701748404818,HONOLULU,MISS JANE,Pilot vessel,Fishing
366606000,367433780,650,616,8,0.9476923076923076,0.0123076923076923,57.1751676969249,HAWAII RESPONDER,STAR OF HONOLULU,Oil Recovery,Passenger
303165000,367433780,648,624,0,0.9629629629629628,0.0,60.67661469136686,KAIMIKAI-O-KANALOA,STAR OF HONOLULU,Research Vessel,Passenger
338199855,367416420,646,595,138,0.9210526315789472,0.2136222910216718,62.59943990981808,AHUA POINT,FREEDOM,Passenger,Tug Tow
338199855,367579350,644,635,9,0.9860248447204968,0.0139751552795031,51.48219851461342,AHUA POINT,OCEAN PATHFINDER,Passenger,Tug Tow
303165000,367579350,643,640,0,0.995334370139969,0.0,85.25589435526072,KAIMIKAI-O-KANALOA,OCEAN PATHFINDER,Research Vessel,Tug Tow
367579350,436827810,643,640,0,0.995334370139969,0.0,88.22028567498467,OCEAN PATHFINDER,MISS JANE,Tug Tow,Fishing
303165000,366932980,639,638,0,0.9984350547730828,0.0,122.38132269036647,KAIMIKAI-O-KANALOA,DREW FOSS,Research Vessel,Tug Tow
338070127,367420170,639,630,8,0.9859154929577464,0.0125195618153364,97.26002543296596,HONOLULU,TIRA LANI,Pilot vessel,Tug Tow
338199855,366932980,638,632,4,0.9905956112852664,0.006269592476489,73.67035101452791,AHUA POINT,DREW FOSS,Passenger,Tug Tow
366606000,367579350,633,629,0,0.9936808846761452,0.0,78.84332037010608,HAWAII RESPONDER,OCEAN PATHFINDER,Oil Recovery,Tug Tow
366606000,366932980,632,630,0,0.9968354430379748,0.0,113.7048833001214,HAWAII RESPONDER,DREW FOSS,Oil Recovery,Tug Tow
366932980,366972620,632,603,6,0.9541139240506328,0.0094936708860759,84.55799772178042,DREW FOSS,MIKIOI,Tug Tow,Tug Tow
366972620,367579350,631,600,14,0.9508716323296356,0.0221870047543581,58.44752544571458,MIKIOI,OCEAN PATHFINDER,Tug Tow,Tug Tow
338070127,367579350,629,628,0,0.9984101748807632,0.0,86.41966499477442,HONOLULU,OCEAN PATHFINDER,Pilot vessel,Tug Tow
366972620,367416420,627,570,124,0.9090909090909092,0.1977671451355661,70.39973465914422,MIKIOI,FREEDOM,Tug Tow,Tug Tow
367433780,436827810,627,604,0,0.963317384370016,0.0,60.75162827775705,STAR OF HONOLULU,MISS JANE,Passenger,Fishing
367060190,367416420,626,535,156,0.854632587859425,0.2492012779552715,61.25706948880421,"PI""ILANI",FREEDOM,Tug Tow,Tug Tow
367060190,367433780,626,540,105,0.8626198083067093,0.1677316293929712,35.688015539209104,"PI""ILANI",STAR OF HONOLULU,Tug Tow,Passenger
367420170,367433780,626,587,52,0.937699680511182,0.0830670926517571,37.9223956425335,TIRA LANI,STAR OF HONOLULU,Tug Tow,Passenger
338070127,367060190,624,587,21,0.9407051282051282,0.0336538461538461,89.38090440348486,HONOLULU,"PI""ILANI",Pilot vessel,Tug Tow
366932980,436827810,614,613,0,0.998371335504886,0.0,121.68210130598368,DREW FOSS,MISS JANE,Tug Tow,Fishing
367060190,367579350,614,580,8,0.9446254071661238,0.013029315960912,49.56596232852955,"PI""ILANI",OCEAN PATHFINDER,Tug Tow,Tug Tow
367420170,367579350,607,599,3,0.9868204283360792,0.0049423393739703,52.06875912906969,TIRA LANI,OCEAN PATHFINDER,Tug Tow,Tug Tow
367433780,369629000,604,244,436,0.4039735099337748,0.7218543046357616,41.62028550687449,STAR OF HONOLULU,MAJESTIC,Passenger,Passenger
303165000,367416420,601,593,0,0.9866888519134775,0.0,96.59499529378064,KAIMIKAI-O-KANALOA,FREEDOM,Research Vessel,Tug Tow
366932980,367420170,597,591,2,0.9899497487437184,0.0033500837520938,73.97137829044661,DREW FOSS,TIRA LANI,Tug Tow,Tug Tow
338070127,367433780,596,568,15,0.953020134228188,0.0251677852348993,57.82838816866264,HONOLULU,STAR OF HONOLULU,Pilot vessel,Passenger
366606000,367416420,592,583,1,0.9847972972972971,0.0016891891891891,89.38190660169728,HAWAII RESPONDER,FREEDOM,Oil Recovery,Tug Tow
367416420,436827810,583,577,0,0.9897084048027444,0.0,96.96003276566856,FREEDOM,MISS JANE,Tug Tow,Fishing
367416420,367420170,582,560,55,0.9621993127147768,0.0945017182130584,60.51711744508336,FREEDOM,TIRA LANI,Tug Tow,Tug Tow
366932980,367060190,579,551,8,0.9516407599309152,0.0138169257340241,67.51411481122727,DREW FOSS,"PI""ILANI",Tug Tow,Tug Tow
338070127,366932980,573,572,0,0.9982547993019196,0.0,113.71490629678055,HONOLULU,DREW FOSS,Pilot vessel,Tug Tow
338199855,366999649,570,561,10,0.9842105263157894,0.0175438596491228,31.447331915693137,AHUA POINT,CG AHI,Passenger,"Public Vessel, Unclassified"
303165000,366999649,569,566,0,0.9947275922671354,0.0,52.06710600659374,KAIMIKAI-O-KANALOA,CG AHI,Research Vessel,"Public Vessel, Unclassified"
367433780,367579350,567,538,11,0.948853615520282,0.019400352733686,31.00508333130284,STAR OF HONOLULU,OCEAN PATHFINDER,Passenger,Tug Tow
366932980,367433780,560,535,4,0.9553571428571428,0.0071428571428571,44.232217646851794,DREW FOSS,STAR OF HONOLULU,Tug Tow,Passenger
366606000,366999649,559,555,0,0.992844364937388,0.0,48.05191883624983,HAWAII RESPONDER,CG AHI,Oil Recovery,"Public Vessel, Unclassified"
338070127,367416420,558,546,17,0.978494623655914,0.0304659498207885,92.93147791332834,HONOLULU,FREEDOM,Pilot vessel,Tug Tow
366972620,366999649,558,529,13,0.9480286738351256,0.0232974910394265,35.67045915798148,MIKIOI,CG AHI,Tug Tow,"Public Vessel, Unclassified"
367578510,436827810,553,552,0,0.9981916817359856,0.0,145.1368914115785,LADY KAREN II,MISS JANE,Fishing,Fishing
367578510,367579350,553,551,0,0.9963833634719712,0.0,81.91006666006666,LADY KAREN II,OCEAN PATHFINDER,Fishing,Tug Tow
338070127,367578510,553,552,0,0.9981916817359856,0.0,145.33903192886478,HONOLULU,LADY KAREN II,Pilot vessel,Fishing
303165000,367578510,553,552,0,0.9981916817359856,0.0,140.25997973780233,KAIMIKAI-O-KANALOA,LADY KAREN II,Research Vessel,Fishing
338199855,367578510,551,548,0,0.9945553539019965,0.0,84.25933267140722,AHUA POINT,LADY KAREN II,Passenger,Fishing
367416420,367433780,550,499,70,0.9072727272727272,0.1272727272727272,36.45685874080434,FREEDOM,STAR OF HONOLULU,Tug Tow,Passenger
366999649,436827810,548,545,0,0.9945255474452556,0.0,51.88905681871264,CG AHI,MISS JANE,"Public Vessel, Unclassified",Fishing
366606000,367578510,547,546,0,0.9981718464351006,0.0,130.32979760063094,HAWAII RESPONDER,LADY KAREN II,Oil Recovery,Fishing
366999649,367420170,545,537,7,0.9853211009174312,0.0128440366972477,32.26433887606576,CG AHI,TIRA LANI,"Public Vessel, Unclassified",Tug Tow
367416420,367579350,542,531,6,0.9797047970479704,0.011070110701107,50.87248445451517,FREEDOM,OCEAN PATHFINDER,Tug Tow,Tug Tow
366972620,367578510,540,517,0,0.9574074074074074,0.0,95.68100494861058,MIKIOI,LADY KAREN II,Tug Tow,Fishing
366932980,367579350,538,534,0,0.9925650557620818,0.0,60.17277879231232,DREW FOSS,OCEAN PATHFINDER,Tug Tow,Tug Tow
367420170,367578510,535,530,0,0.9906542056074766,0.0,87.78847760804283,TIRA LANI,LADY KAREN II,Tug Tow,Fishing
366999649,367060190,535,504,11,0.9420560747663552,0.0205607476635514,29.806205038363125,CG AHI,"PI""ILANI","Public Vessel, Unclassified",Tug Tow
367060190,367578510,532,504,0,0.9473684210526316,0.0,82.15273047187941,"PI""ILANI",LADY KAREN II,Tug Tow,Fishing
366999649,367433780,531,477,45,0.8983050847457628,0.0847457627118644,20.03927921099855,CG AHI,STAR OF HONOLULU,"Public Vessel, Unclassified",Passenger
303165000,367137680,527,527,0,1.0,0.0,132.47203621031747,KAIMIKAI-O-KANALOA,THE SEEKER II,Research Vessel,Fishing
338199855,367137680,526,522,1,0.9923954372623576,0.0019011406844106,79.7181325731265,AHUA POINT,THE SEEKER II,Passenger,Fishing
338070127,366999649,522,517,4,0.9904214559386972,0.0076628352490421,49.49600732744442,HONOLULU,CG AHI,Pilot vessel,"Public Vessel, Unclassified"
366606000,367137680,520,519,0,0.9980769230769232,0.0,122.7904791967292,HAWAII RESPONDER,THE SEEKER II,Oil Recovery,Fishing
366972620,367137680,518,494,1,0.9536679536679536,0.0019305019305019,90.96339984350548,MIKIOI,THE SEEKER II,Tug Tow,Fishing
366932980,367137680,513,512,0,0.9980506822612084,0.0,108.7765579446064,DREW FOSS,THE SEEKER II,Tug Tow,Fishing
338199855,367183810,506,497,6,0.982213438735178,0.0118577075098814,67.01388909379459,AHUA POINT,SEA DIAMOND,Passenger,Fishing
303165000,367183810,503,502,0,0.9980119284294234,0.0,110.49039214452507,KAIMIKAI-O-KANALOA,SEA DIAMOND,Research Vessel,Fishing
367183810,436827810,503,502,0,0.9980119284294234,0.0,114.33219993814556,SEA DIAMOND,MISS JANE,Fishing,Fishing
367137680,436827810,502,502,0,1.0,0.0,130.57539820517914,THE SEEKER II,MISS JANE,Fishing,Fishing
366932980,367416420,496,488,0,0.9838709677419356,0.0,67.24595731092944,DREW FOSS,FREEDOM,Tug Tow,Tug Tow
366606000,367183810,496,494,0,0.995967741935484,0.0,102.349555371662,HAWAII RESPONDER,SEA DIAMOND,Oil Recovery,Fishing
338199855,367309860,496,477,56,0.9616935483870968,0.1129032258064516,34.934459560941605,AHUA POINT,NAMAHOE,Passenger,Tug Tow
367137680,367420170,494,491,0,0.9939271255060728,0.0,80.33700569358179,THE SEEKER II,TIRA LANI,Fishing,Tug Tow
366999649,367579350,493,489,0,0.9918864097363084,0.0,26.34520606309029,CG AHI,OCEAN PATHFINDER,"Public Vessel, Unclassified",Tug Tow
366972620,367183810,490,464,5,0.946938775510204,0.010204081632653,75.19274467786346,MIKIOI,SEA DIAMOND,Tug Tow,Fishing
366873510,366913520,489,487,0,0.9959100204498976,0.0,68.77786992022777,AMERICAN CHALLENGER,BLACK DIAMOND,Tug Tow,Pleasure Craft/Sailing
366873510,518728000,489,487,0,0.9959100204498976,0.0,68.77786992022777,AMERICAN CHALLENGER,ENCORE,Tug Tow,Pleasure Craft/Sailing
366972620,367309860,488,455,55,0.9323770491803278,0.1127049180327868,39.825178085571984,MIKIOI,NAMAHOE,Tug Tow,Tug Tow
303165000,367309860,484,481,0,0.993801652892562,0.0,56.54053822930145,KAIMIKAI-O-KANALOA,NAMAHOE,Research Vessel,Tug Tow
367433780,367578510,483,462,3,0.9565217391304348,0.0062111801242236,50.5233540081101,STAR OF HONOLULU,LADY KAREN II,Passenger,Fishing
367183810,367420170,477,473,0,0.9916142557651992,0.0,67.78756035506304,SEA DIAMOND,TIRA LANI,Fishing,Tug Tow
366606000,367309860,477,474,1,0.9937106918238994,0.0020964360587002,52.34566358606815,HAWAII RESPONDER,NAMAHOE,Oil Recovery,Tug Tow
367137680,367183810,475,474,0,0.9978947368421052,0.0,115.5191014149483,THE SEEKER II,SEA DIAMOND,Fishing,Fishing
367060190,367183810,474,453,2,0.9556962025316456,0.0042194092827004,63.39231343871246,"PI""ILANI",SEA DIAMOND,Tug Tow,Fishing
366932980,366999649,474,471,0,0.9936708860759492,0.0,36.58759516807807,DREW FOSS,CG AHI,Tug Tow,"Public Vessel, Unclassified"
368501000,369888000,468,467,0,0.997863247863248,0.0,119.12511848341232,C-COMMANDO,OKEANOS EXPLORER,Industrial Vessel,Research Vessel
366932980,367183810,467,465,0,0.9957173447537472,0.0,86.53220308496176,DREW FOSS,SEA DIAMOND,Tug Tow,Fishing
367060190,367137680,467,449,0,0.961456102783726,0.0,71.47138643714442,"PI""ILANI",THE SEEKER II,Tug Tow,Fishing
367416420,367578510,467,463,0,0.9914346895074948,0.0,83.84858550272442,FREEDOM,LADY KAREN II,Tug Tow,Fishing
367309860,436827810,464,461,0,0.9935344827586208,0.0,56.08885862299144,NAMAHOE,MISS JANE,Tug Tow,Fishing
367309860,367420170,463,452,16,0.976241900647948,0.0345572354211663,34.99215286547597,NAMAHOE,TIRA LANI,Tug Tow,Tug Tow
303165000,367403980,463,462,0,0.9978401727861772,0.0,99.63093452503252,KAIMIKAI-O-KANALOA,DOUBLE D,Research Vessel,Fishing
338199855,367403980,462,459,1,0.9935064935064936,0.0021645021645021,59.93947909031785,AHUA POINT,DOUBLE D,Passenger,Fishing
367137680,367433780,461,443,2,0.9609544468546638,0.0043383947939262,47.7915289106219,THE SEEKER II,STAR OF HONOLULU,Fishing,Passenger
338070127,367137680,461,461,0,1.0,0.0,120.07788043838706,HONOLULU,THE SEEKER II,Pilot vessel,Fishing
367060190,367309860,461,425,56,0.9219088937093276,0.1214750542299349,32.78817404748808,"PI""ILANI",NAMAHOE,Tug Tow,Tug Tow
366999649,367578510,457,453,0,0.9912472647702408,0.0,46.71604621956735,CG AHI,LADY KAREN II,"Public Vessel, Unclassified",Fishing
366606000,367403980,456,454,0,0.9956140350877192,0.0,92.17768770507624,HAWAII RESPONDER,DOUBLE D,Oil Recovery,Fishing
366999649,367416420,449,441,4,0.9821826280623608,0.0089086859688195,29.08491062012859,CG AHI,FREEDOM,"Public Vessel, Unclassified",Tug Tow
338070127,367309860,449,446,4,0.9933184855233852,0.0089086859688195,54.35123402566681,HONOLULU,NAMAHOE,Pilot vessel,Tug Tow
366932980,367578510,448,446,0,0.9955357142857144,0.0,95.8497545164212,DREW FOSS,LADY KAREN II,Tug Tow,Fishing
367183810,367579350,447,443,0,0.9910514541387024,0.0,57.3413034114316,SEA DIAMOND,OCEAN PATHFINDER,Fishing,Tug Tow
338070127,367183810,446,446,0,1.0,0.0,101.51725824153932,HONOLULU,SEA DIAMOND,Pilot vessel,Fishing
366972620,367403980,446,424,3,0.9506726457399104,0.0067264573991031,67.04577255464848,MIKIOI,DOUBLE D,Tug Tow,Fishing
366932980,367309860,443,439,2,0.9909706546275396,0.0045146726862302,43.65386020706116,DREW FOSS,NAMAHOE,Tug Tow,Tug Tow
338199855,367309910,442,429,15,0.9705882352941176,0.0339366515837104,48.24821726675943,AHUA POINT,NUNUI,Passenger,Tug Tow
367183810,367433780,441,423,8,0.9591836734693876,0.0181405895691609,39.95135575040583,SEA DIAMOND,STAR OF HONOLULU,Fishing,Passenger
367403980,436827810,438,437,0,0.997716894977169,0.0,97.52846044134192,DOUBLE D,MISS JANE,Fishing,Fishing
367309890,367309910,438,357,94,0.815068493150685,0.2146118721461187,109.86870011436646,NOKE,NUNUI,Tug Tow,Tug Tow
303165000,367309910,437,435,0,0.9954233409610984,0.0,79.119341297007,KAIMIKAI-O-KANALOA,NUNUI,Research Vessel,Tug Tow
366873510,367416730,437,420,1,0.9610983981693364,0.0022883295194508,59.31162962986962,AMERICAN CHALLENGER,BELLA MARINA,Tug Tow,Pleasure Craft/Sailing
367309860,367579350,436,429,3,0.9839449541284404,0.0068807339449541,29.744356216792493,NAMAHOE,OCEAN PATHFINDER,Tug Tow,Tug Tow
367309910,436827810,435,434,0,0.9977011494252872,0.0,81.49566877898475,NUNUI,MISS JANE,Tug Tow,Fishing
366606000,367309910,434,432,0,0.9953917050691244,0.0,73.81399471672783,HAWAII RESPONDER,NUNUI,Oil Recovery,Tug Tow
367309860,367433780,432,401,47,0.9282407407407408,0.1087962962962963,20.81300199648545,NAMAHOE,STAR OF HONOLULU,Tug Tow,Passenger
367471530,367579350,427,425,0,0.9953161592505856,0.0,67.83013041708693,GOLDEN DRAGON,OCEAN PATHFINDER,Fishing,Tug Tow
367471530,436827810,427,426,0,0.9976580796252928,0.0,120.18857601024862,GOLDEN DRAGON,MISS JANE,Fishing,Fishing
303165000,367471530,427,426,0,0.9976580796252928,0.0,116.14998138624831,KAIMIKAI-O-KANALOA,GOLDEN DRAGON,Research Vessel,Fishing
338070127,367471530,427,426,0,0.9976580796252928,0.0,120.35596957015149,HONOLULU,GOLDEN DRAGON,Pilot vessel,Fishing
367137680,367579350,426,423,0,0.9929577464788732,0.0,62.53551104507737,THE SEEKER II,OCEAN PATHFINDER,Fishing,Tug Tow
367403980,367420170,426,423,2,0.9929577464788732,0.0046948356807511,59.30590085848795,DOUBLE D,TIRA LANI,Fishing,Tug Tow
338199855,367471530,426,423,0,0.9929577464788732,0.0,69.86483608546888,AHUA POINT,GOLDEN DRAGON,Passenger,Fishing
367309910,367420170,425,409,13,0.9623529411764706,0.0305882352941176,49.78118738058623,NUNUI,TIRA LANI,Tug Tow,Tug Tow
366972620,367309910,425,405,9,0.9529411764705882,0.0211764705882352,53.75433379124336,MIKIOI,NUNUI,Tug Tow,Tug Tow
366606000,367471530,424,423,0,0.9976415094339622,0.0,108.34400364352057,HAWAII RESPONDER,GOLDEN DRAGON,Oil Recovery,Fishing
367471530,367578510,424,423,0,0.9976415094339622,0.0,128.84151784634875,GOLDEN DRAGON,LADY KAREN II,Fishing,Fishing
367420170,367471530,424,411,9,0.9693396226415094,0.0212264150943396,74.61604424840719,TIRA LANI,GOLDEN DRAGON,Tug Tow,Fishing
338070127,367403980,421,420,0,0.997624703087886,0.0,93.8736706704753,HONOLULU,DOUBLE D,Pilot vessel,Fishing
366972620,367471530,419,399,1,0.9522673031026252,0.0023866348448687,79.62118194945303,MIKIOI,GOLDEN DRAGON,Tug Tow,Fishing
367403980,367433780,413,389,9,0.9418886198547216,0.0217917675544794,36.652167864759136,DOUBLE D,STAR OF HONOLULU,Fishing,Passenger
367060190,367471530,411,391,1,0.951338199513382,0.0024330900243309,68.0667196407252,"PI""ILANI",GOLDEN DRAGON,Tug Tow,Fishing
367008740,367420170,406,348,77,0.8571428571428571,0.1896551724137931,21.93249887167143,MIKI HANA,TIRA LANI,Tug Tow,Tug Tow
367060190,367403980,403,381,3,0.9454094292803972,0.0074441687344913,52.79830600352352,"PI""ILANI",DOUBLE D,Tug Tow,Fishing
338070127,367309910,401,399,0,0.9950124688279302,0.0,75.23052453074665,HONOLULU,NUNUI,Pilot vessel,Tug Tow
367060190,367309910,397,371,12,0.9345088161209067,0.0302267002518891,43.76162722365773,"PI""ILANI",NUNUI,Tug Tow,Tug Tow
367137680,367416420,394,386,1,0.9796954314720812,0.0025380710659898,70.1100114403516,THE SEEKER II,FREEDOM,Fishing,Tug Tow
367309860,367416420,394,376,43,0.9543147208121828,0.1091370558375634,32.582245980578335,NAMAHOE,FREEDOM,Tug Tow,Tug Tow
367309910,367579350,393,390,0,0.9923664122137404,0.0,41.5525120263292,NUNUI,OCEAN PATHFINDER,Tug Tow,Tug Tow
366932980,367471530,391,389,0,0.9948849104859336,0.0,89.71651129587637,DREW FOSS,GOLDEN DRAGON,Tug Tow,Fishing
367183810,367416420,390,383,2,0.982051282051282,0.0051282051282051,60.64449115895568,SEA DIAMOND,FREEDOM,Fishing,Tug Tow
366932980,367309910,390,387,0,0.9923076923076924,0.0,59.562124957164,DREW FOSS,NUNUI,Tug Tow,Tug Tow
367403980,367579350,387,384,0,0.992248062015504,0.0,48.63262206401424,DOUBLE D,OCEAN PATHFINDER,Fishing,Tug Tow
303165000,367701060,385,385,0,1.0,0.0,168.92069892473117,KAIMIKAI-O-KANALOA,KULAMANU,Research Vessel,Pleasure Craft/Sailing
367309910,367433780,384,362,8,0.9427083333333334,0.0208333333333333,28.67271729133544,NUNUI,STAR OF HONOLULU,Tug Tow,Passenger
338199855,367701060,384,379,0,0.9869791666666666,0.0,101.58068576480244,AHUA POINT,KULAMANU,Passenger,Pleasure Craft/Sailing
366606000,367701060,381,380,0,0.9973753280839897,0.0,157.03442542306178,HAWAII RESPONDER,KULAMANU,Oil Recovery,Pleasure Craft/Sailing
338199855,367008740,380,364,13,0.9578947368421052,0.0342105263157894,19.13058978954343,AHUA POINT,MIKI HANA,Passenger,Tug Tow
367148660,367420170,375,338,30,0.9013333333333332,0.08,13.803176300027824,MANUOKEKAI,TIRA LANI,Tug Tow,Tug Tow
367008740,436827810,375,369,0,0.984,0.0,32.40128989499752,MIKI HANA,MISS JANE,Tug Tow,Fishing
303165000,367008740,375,369,0,0.984,0.0,31.312536874332277,KAIMIKAI-O-KANALOA,MIKI HANA,Research Vessel,Tug Tow
367433780,367471530,374,356,4,0.9518716577540108,0.0106951871657754,41.956502101252894,STAR OF HONOLULU,GOLDEN DRAGON,Passenger,Fishing
366999649,367403980,373,370,2,0.9919571045576407,0.0053619302949061,32.34918053149865,CG AHI,DOUBLE D,"Public Vessel, Unclassified",Fishing
366972620,367701060,372,358,0,0.9623655913978496,0.0,114.02193524785072,MIKIOI,KULAMANU,Tug Tow,Pleasure Craft/Sailing
366972620,367148660,370,336,38,0.9081081081081082,0.1027027027027027,14.706107081469394,MIKIOI,MANUOKEKAI,Tug Tow,Tug Tow
366972620,367008740,369,340,10,0.9214092140921408,0.02710027100271,21.524678869062125,MIKIOI,MIKI HANA,Tug Tow,Tug Tow
366606000,367008740,368,361,0,0.9809782608695652,0.0,28.865730962616777,HAWAII RESPONDER,MIKI HANA,Oil Recovery,Tug Tow
338199855,367148660,366,341,20,0.9316939890710384,0.0546448087431694,12.554850145179278,AHUA POINT,MANUOKEKAI,Passenger,Tug Tow
367403980,367416420,366,362,1,0.989071038251366,0.0027322404371584,55.752522014217575,DOUBLE D,FREEDOM,Fishing,Tug Tow
366972620,367056982,366,300,74,0.819672131147541,0.2021857923497267,13.429852498073016,MIKIOI,HOKU-LOA,Tug Tow,Tug Tow
367183810,367471530,365,364,0,0.9972602739726028,0.0,96.05737840514796,SEA DIAMOND,GOLDEN DRAGON,Fishing,Fishing
367309860,367578510,364,360,1,0.989010989010989,0.0027472527472527,47.502303133008525,NAMAHOE,LADY KAREN II,Tug Tow,Fishing
367183810,367578510,362,361,0,0.9972375690607734,0.0,88.83084775282434,SEA DIAMOND,LADY KAREN II,Fishing,Fishing
366999649,367183810,361,357,2,0.9889196675900276,0.0055401662049861,31.959867537726108,CG AHI,SEA DIAMOND,"Public Vessel, Unclassified",Fishing
366999649,367137680,360,358,0,0.9944444444444444,0.0,36.47181163906516,CG AHI,THE SEEKER II,"Public Vessel, Unclassified",Fishing
367701060,436827810,360,360,0,1.0,0.0,163.443888517602,KULAMANU,MISS JANE,Pleasure Craft/Sailing,Fishing
366932980,367403980,358,356,0,0.994413407821229,0.0,64.98312462989442,DREW FOSS,DOUBLE D,Tug Tow,Fishing
303165000,367148660,358,345,0,0.9636871508379888,0.0,20.36834294882242,KAIMIKAI-O-KANALOA,MANUOKEKAI,Research Vessel,Tug Tow
367137680,367309860,357,355,0,0.9943977591036416,0.0,46.17282589903181,THE SEEKER II,NAMAHOE,Fishing,Tug Tow
338177179,366913520,356,356,0,1.0,0.0,143.18040194572453,LAURA LYNN,BLACK DIAMOND,Pleasure Craft/Sailing,Pleasure Craft/Sailing
338177179,518728000,356,356,0,1.0,0.0,143.18040194572453,LAURA LYNN,ENCORE,Pleasure Craft/Sailing,Pleasure Craft/Sailing
338177179,366873510,356,355,1,0.9971910112359552,0.0028089887640449,88.69793426113159,LAURA LYNN,AMERICAN CHALLENGER,Pleasure Craft/Sailing,Tug Tow
367309910,367416420,355,340,9,0.9577464788732394,0.0253521126760563,45.4987849065301,NUNUI,FREEDOM,Tug Tow,Tug Tow
338199855,367133450,355,344,9,0.9690140845070424,0.0253521126760563,39.42753835793909,AHUA POINT,MOANA HOLO,Passenger,Tug Tow
366972620,367133450,353,330,16,0.9348441926345608,0.0453257790368272,45.42673957229381,MIKIOI,MOANA HOLO,Tug Tow,Tug Tow
367183810,367309860,352,345,3,0.9801136363636364,0.0085227272727272,39.7835776735787,SEA DIAMOND,NAMAHOE,Fishing,Tug Tow
303165000,367133450,352,348,0,0.9886363636363636,0.0,64.84196948910073,KAIMIKAI-O-KANALOA,MOANA HOLO,Research Vessel,Tug Tow
366999649,367309860,352,345,5,0.9801136363636364,0.0142045454545454,16.572898825017344,CG AHI,NAMAHOE,"Public Vessel, Unclassified",Tug Tow
367420170,367701060,352,351,0,0.9971590909090908,0.0,99.91711801242236,TIRA LANI,KULAMANU,Tug Tow,Pleasure Craft/Sailing
366606000,367148660,352,339,0,0.9630681818181818,0.0,18.81321806818607,HAWAII RESPONDER,MANUOKEKAI,Oil Recovery,Tug Tow
367148660,436827810,351,339,0,0.9658119658119658,0.0,20.66444919241996,MANUOKEKAI,MISS JANE,Tug Tow,Fishing
366932980,367701060,348,347,0,0.9971264367816092,0.0,128.79699620107783,DREW FOSS,KULAMANU,Tug Tow,Pleasure Craft/Sailing
367008740,367060190,348,320,13,0.9195402298850576,0.0373563218390804,17.69163458201226,MIKI HANA,"PI""ILANI",Tug Tow,Tug Tow
366606000,367133450,345,340,0,0.9855072463768116,0.0,59.70083192888536,HAWAII RESPONDER,MOANA HOLO,Oil Recovery,Tug Tow
303999000,368501000,344,344,0,1.0,0.0,161.12435897435898,OSCAR ELTON SETTE,C-COMMANDO,Research Vessel,Industrial Vessel
338199855,367480150,343,339,1,0.9883381924198252,0.0029154518950437,64.21490817761465,AHUA POINT,LADY ANNIE,Passenger,Fishing
303165000,367480150,343,342,0,0.9970845481049564,0.0,106.50698479996838,KAIMIKAI-O-KANALOA,LADY ANNIE,Research Vessel,Fishing
338199855,369629000,343,286,111,0.8338192419825073,0.3236151603498542,34.552828930388095,AHUA POINT,MAJESTIC,Passenger,Passenger
303174000,338199855,342,337,5,0.9853801169590644,0.0146198830409356,62.30959719109431,GAIL ANN,AHUA POINT,Fishing,Passenger
367183810,367309910,342,336,5,0.9824561403508772,0.0146198830409356,59.90649735113461,SEA DIAMOND,NUNUI,Fishing,Tug Tow
338199855,367479170,341,332,5,0.9736070381231672,0.0146627565982404,55.65580065868761,AHUA POINT,CAPTAIN D,Passenger,Fishing
303174000,436827810,340,340,0,1.0,0.0,106.31487282326628,GAIL ANN,MISS JANE,Fishing,Fishing
303165000,303174000,340,340,0,1.0,0.0,102.7424644622694,KAIMIKAI-O-KANALOA,GAIL ANN,Research Vessel,Fishing
303174000,367578510,340,340,0,1.0,0.0,114.77536570559826,GAIL ANN,LADY KAREN II,Fishing,Fishing
303174000,367579350,340,339,0,0.9970588235294118,0.0,60.000308916741325,GAIL ANN,OCEAN PATHFINDER,Fishing,Tug Tow
303174000,338070127,340,340,0,1.0,0.0,106.46294367678055,GAIL ANN,HONOLULU,Fishing,Pilot vessel
367137680,367471530,339,338,0,0.9970501474926252,0.0,102.09268604784909,THE SEEKER II,GOLDEN DRAGON,Fishing,Fishing
367137680,367309910,339,337,0,0.9941002949852508,0.0,67.95236659776451,THE SEEKER II,NUNUI,Fishing,Tug Tow
366999649,367471530,339,336,0,0.991150442477876,0.0,37.16483479098299,CG AHI,GOLDEN DRAGON,"Public Vessel, Unclassified",Fishing
366606000,367480150,339,337,0,0.9941002949852508,0.0,98.88522866532976,HAWAII RESPONDER,LADY ANNIE,Oil Recovery,Fishing
367133450,367420170,338,333,3,0.985207100591716,0.0088757396449704,40.28147171779432,MOANA HOLO,TIRA LANI,Tug Tow,Tug Tow
367008740,367433780,338,315,18,0.9319526627218936,0.0532544378698224,11.639654505339374,MIKI HANA,STAR OF HONOLULU,Tug Tow,Passenger
303165000,367479170,338,337,0,0.9970414201183432,0.0,91.49871191756272,KAIMIKAI-O-KANALOA,CAPTAIN D,Research Vessel,Fishing
366932980,367479170,338,337,0,0.9970414201183432,0.0,77.18258692365835,DREW FOSS,CAPTAIN D,Tug Tow,Fishing
367416420,367471530,338,334,0,0.9881656804733728,0.0,65.08459239034674,FREEDOM,GOLDEN DRAGON,Tug Tow,Fishing
367148660,367433780,338,285,41,0.8431952662721893,0.1213017751479289,7.93096027763609,MANUOKEKAI,STAR OF HONOLULU,Tug Tow,Passenger
367137680,367479170,338,337,0,0.9970414201183432,0.0,101.30214533730158,THE SEEKER II,CAPTAIN D,Fishing,Fishing
303174000,366606000,337,337,0,1.0,0.0,95.66403977159791,GAIL ANN,HAWAII RESPONDER,Fishing,Oil Recovery
367137680,367578510,336,335,0,0.9970238095238096,0.0,94.35210210210212,THE SEEKER II,LADY KAREN II,Fishing,Fishing
367137680,367701060,335,335,0,1.0,0.0,162.73111858379715,THE SEEKER II,KULAMANU,Fishing,Pleasure Craft/Sailing
366972620,367480150,334,320,2,0.9580838323353292,0.0059880239520958,72.45256489919912,MIKIOI,LADY ANNIE,Tug Tow,Fishing
366606000,367479170,334,332,0,0.994011976047904,0.0,84.9361362017612,HAWAII RESPONDER,CAPTAIN D,Oil Recovery,Fishing
367433780,367701060,334,322,0,0.9640718562874252,0.0,60.43729374838022,STAR OF HONOLULU,KULAMANU,Passenger,Pleasure Craft/Sailing
367056982,367060190,333,276,55,0.8288288288288288,0.1651651651651651,10.649097240882332,HOKU-LOA,"PI""ILANI",Tug Tow,Tug Tow
338199855,367602740,333,328,3,0.984984984984985,0.009009009009009,54.26313257698541,AHUA POINT,AOLANI,Passenger,Fishing
303174000,366972620,332,316,1,0.9518072289156626,0.003012048192771,70.0861934877002,GAIL ANN,MIKIOI,Fishing,Tug Tow
303165000,367602740,332,332,0,1.0,0.0,89.73067526881721,KAIMIKAI-O-KANALOA,AOLANI,Research Vessel,Fishing
366972620,367479170,331,317,1,0.9577039274924471,0.0030211480362537,62.59643523534368,MIKIOI,CAPTAIN D,Tug Tow,Fishing
367309860,367309910,331,324,8,0.9788519637462236,0.0241691842900302,30.834283583793265,NAMAHOE,NUNUI,Tug Tow,Tug Tow
338070127,367309260,329,329,0,1.0,0.0,24.83284685911827,HONOLULU,SIRIUS,Pilot vessel,Tug Tow
303165000,367309260,329,329,0,1.0,0.0,23.96503231834263,KAIMIKAI-O-KANALOA,SIRIUS,Research Vessel,Tug Tow
338199855,367056982,329,305,20,0.9270516717325228,0.060790273556231,10.41886722183249,AHUA POINT,HOKU-LOA,Passenger,Tug Tow
367309260,367579350,329,329,0,1.0,0.0,13.995277900193813,SIRIUS,OCEAN PATHFINDER,Tug Tow,Tug Tow
367309260,367578510,329,329,0,1.0,0.0,26.77174781508546,SIRIUS,LADY KAREN II,Tug Tow,Fishing
338199855,367119160,329,303,22,0.9209726443768996,0.0668693009118541,10.815712390385182,AHUA POINT,HOKULANI,Passenger,Tug Tow
338199855,367309260,329,327,2,0.993920972644377,0.0060790273556231,14.44893358577546,AHUA POINT,SIRIUS,Passenger,Tug Tow
303174000,367471530,329,329,0,1.0,0.0,119.11001932943287,GAIL ANN,GOLDEN DRAGON,Fishing,Fishing
367309260,436827810,329,329,0,1.0,0.0,24.798308824543696,SIRIUS,MISS JANE,Tug Tow,Fishing
366972620,367119160,328,297,27,0.9054878048780488,0.0823170731707317,12.493917323610264,MIKIOI,HOKULANI,Tug Tow,Tug Tow
367133450,436827810,327,323,0,0.9877675840978594,0.0,62.33117758670637,MOANA HOLO,MISS JANE,Tug Tow,Fishing
367060190,367701060,325,311,0,0.9569230769230768,0.0,86.81749101961869,"PI""ILANI",KULAMANU,Tug Tow,Pleasure Craft/Sailing
367133450,367403980,325,321,0,0.9876923076923076,0.0,56.7414165549528,MOANA HOLO,DOUBLE D,Tug Tow,Fishing
366606000,367602740,325,324,0,0.9969230769230768,0.0,82.51520202020203,HAWAII RESPONDER,AOLANI,Oil Recovery,Fishing
338199855,367015060,325,296,32,0.9107692307692308,0.0984615384615384,10.131526204533424,AHUA POINT,HOKU-KE'A,Passenger,Tug Tow
303174000,367420170,325,323,1,0.9938461538461538,0.003076923076923,63.53741152679474,GAIL ANN,TIRA LANI,Fishing,Tug Tow
303174000,367060190,324,305,3,0.941358024691358,0.0092592592592592,59.60981879613174,GAIL ANN,"PI""ILANI",Fishing,Tug Tow
366606000,367309260,323,323,0,1.0,0.0,22.10204187193191,HAWAII RESPONDER,SIRIUS,Oil Recovery,Tug Tow
367060190,367148660,323,287,26,0.8885448916408669,0.0804953560371517,11.18863030364503,"PI""ILANI",MANUOKEKAI,Tug Tow,Tug Tow
366972620,367602740,322,308,4,0.9565217391304348,0.0124223602484472,60.79698629107981,MIKIOI,AOLANI,Tug Tow,Fishing
366932980,367008740,321,315,0,0.9813084112149532,0.0,22.60978172781718,DREW FOSS,MIKI HANA,Tug Tow,Tug Tow
367309910,367578510,321,320,0,0.9968847352024922,0.0,64.92395450112492,NUNUI,LADY KAREN II,Tug Tow,Fishing
366932980,367480150,321,320,0,0.9968847352024922,0.0,84.08012580032013,DREW FOSS,LADY ANNIE,Tug Tow,Fishing
303165000,367119160,321,306,0,0.9532710280373832,0.0,17.502758022865947,KAIMIKAI-O-KANALOA,HOKULANI,Research Vessel,Tug Tow
367119160,436827810,320,306,0,0.95625,0.0,18.054916312825988,HOKULANI,MISS JANE,Tug Tow,Fishing
366972620,367015060,320,288,40,0.9,0.125,11.558648082762469,MIKIOI,HOKU-KE'A,Tug Tow,Tug Tow
338070127,367701060,319,319,0,1.0,0.0,145.03115797851174,HONOLULU,KULAMANU,Pilot vessel,Pleasure Craft/Sailing
303165000,367056982,318,306,0,0.9622641509433962,0.0,16.702979557855883,KAIMIKAI-O-KANALOA,HOKU-LOA,Research Vessel,Tug Tow
367480150,436827810,318,317,0,0.9968553459119496,0.0,102.17746768387468,LADY ANNIE,MISS JANE,Fishing,Fishing
367309260,367420170,318,315,0,0.9905660377358492,0.0,14.985951965802352,SIRIUS,TIRA LANI,Tug Tow,Tug Tow
367420170,367480150,317,315,0,0.9936908517350158,0.0,63.68223945012788,TIRA LANI,LADY ANNIE,Tug Tow,Fishing
367148660,367416420,317,298,19,0.94006309148265,0.0599369085173501,12.767390853600109,MANUOKEKAI,FREEDOM,Tug Tow,Tug Tow
366972620,367309260,316,304,1,0.9620253164556962,0.0031645569620253,16.080240187712448,MIKIOI,SIRIUS,Tug Tow,Tug Tow
366932980,367148660,316,306,0,0.9683544303797468,0.0,15.16575742231326,DREW FOSS,MANUOKEKAI,Tug Tow,Tug Tow
366972620,369629000,315,267,100,0.8476190476190476,0.3174603174603174,36.76762653069754,MIKIOI,MAJESTIC,Tug Tow,Passenger
367056982,367433780,314,255,51,0.8121019108280255,0.1624203821656051,6.801941305115222,HOKU-LOA,STAR OF HONOLULU,Tug Tow,Passenger
367479170,436827810,314,314,0,1.0,0.0,87.95731696444491,CAPTAIN D,MISS JANE,Fishing,Fishing
367479170,367701060,314,313,0,0.9968152866242038,0.0,164.2631451881452,CAPTAIN D,KULAMANU,Fishing,Pleasure Craft/Sailing
303165000,367015060,313,298,0,0.952076677316294,0.0,16.183709447028118,KAIMIKAI-O-KANALOA,HOKU-KE'A,Research Vessel,Tug Tow
366606000,367119160,313,295,4,0.9424920127795527,0.0127795527156549,16.032215717536893,HAWAII RESPONDER,HOKULANI,Oil Recovery,Tug Tow
366606000,367015060,313,298,2,0.952076677316294,0.0063897763578274,15.202878571450656,HAWAII RESPONDER,HOKU-KE'A,Oil Recovery,Tug Tow
338070127,367148660,313,300,2,0.9584664536741214,0.0063897763578274,18.452937081504235,HONOLULU,MANUOKEKAI,Pilot vessel,Tug Tow
303165000,367638270,313,313,0,1.0,0.0,107.68264513939076,KAIMIKAI-O-KANALOA,SAPPHIRE,Research Vessel,Fishing
338199855,367638270,312,310,0,0.9935897435897436,0.0,64.71631011365024,AHUA POINT,SAPPHIRE,Passenger,Fishing
367119160,367420170,312,292,12,0.935897435897436,0.0384615384615384,11.006041485390291,HOKULANI,TIRA LANI,Tug Tow,Tug Tow
366606000,367056982,312,298,3,0.9551282051282052,0.0096153846153846,15.394627242575003,HAWAII RESPONDER,HOKU-LOA,Oil Recovery,Tug Tow
367183810,367701060,311,310,0,0.9967845659163987,0.0,132.01677672132809,SEA DIAMOND,KULAMANU,Fishing,Pleasure Craft/Sailing
367008740,367579350,310,302,0,0.9741935483870968,0.0,15.116532715219249,MIKI HANA,OCEAN PATHFINDER,Tug Tow,Tug Tow
367420170,367479170,310,308,2,0.9935483870967742,0.0064516129032258,54.29190356744704,TIRA LANI,CAPTAIN D,Tug Tow,Fishing
338179903,367416730,310,284,0,0.9161290322580644,0.0,48.17121858999801,BARUCH HASHEM,BELLA MARINA,Pleasure Craft/Sailing,Pleasure Craft/Sailing
338070127,367008740,309,303,0,0.9805825242718448,0.0,26.73584764071121,HONOLULU,MIKI HANA,Pilot vessel,Tug Tow
367015060,436827810,308,293,0,0.9512987012987012,0.0,16.47891057070473,HOKU-KE'A,MISS JANE,Tug Tow,Fishing
367309860,367471530,308,304,0,0.987012987012987,0.0,43.10688377956404,NAMAHOE,GOLDEN DRAGON,Tug Tow,Fishing
367060190,367309260,308,289,1,0.9383116883116884,0.0032467532467532,13.659492599736469,"PI""ILANI",SIRIUS,Tug Tow,Tug Tow
367403980,367602740,307,307,0,1.0,0.0,78.64018140127389,DOUBLE D,AOLANI,Fishing,Fishing
367309260,367416420,307,300,7,0.977198697068404,0.022801302931596,15.83035725642102,SIRIUS,FREEDOM,Tug Tow,Tug Tow
367602740,436827810,307,307,0,1.0,0.0,85.85889068150209,AOLANI,MISS JANE,Fishing,Fishing
366606000,367638270,306,305,0,0.9967320261437908,0.0,98.89413997407888,HAWAII RESPONDER,SAPPHIRE,Oil Recovery,Fishing
367056982,436827810,306,295,0,0.9640522875816994,0.0,16.631533742968053,HOKU-LOA,MISS JANE,Tug Tow,Fishing
367133450,367433780,305,288,5,0.9442622950819672,0.0163934426229508,23.171266687138964,MOANA HOLO,STAR OF HONOLULU,Tug Tow,Passenger
367060190,367119160,304,271,36,0.8914473684210527,0.1184210526315789,10.091989024120942,"PI""ILANI",HOKULANI,Tug Tow,Tug Tow
303174000,366932980,304,302,1,0.993421052631579,0.0032894736842105,77.49059504541232,GAIL ANN,DREW FOSS,Fishing,Tug Tow
338177179,367416730,304,289,0,0.950657894736842,0.0,117.98470755357914,LAURA LYNN,BELLA MARINA,Pleasure Craft/Sailing,Pleasure Craft/Sailing
366972620,367638270,304,287,6,0.944078947368421,0.0197368421052631,73.06313263149843,MIKIOI,SAPPHIRE,Tug Tow,Fishing
367015060,367433780,303,241,49,0.7953795379537953,0.1617161716171617,6.461193776100045,HOKU-KE'A,STAR OF HONOLULU,Tug Tow,Passenger
367015060,367420170,303,279,17,0.9207920792079208,0.0561056105610561,10.135646584421288,HOKU-KE'A,TIRA LANI,Tug Tow,Tug Tow
367420170,367602740,303,302,0,0.9966996699669968,0.0,52.98105182608696,TIRA LANI,AOLANI,Tug Tow,Fishing
338070127,367015060,302,287,2,0.9503311258278144,0.0066225165562913,16.18039686132874,HONOLULU,HOKU-KE'A,Pilot vessel,Tug Tow
338070129,338179903,301,296,1,0.9833887043189368,0.0033222591362126,107.0081637733266,KAWIKA,BARUCH HASHEM,Pilot vessel,Pleasure Craft/Sailing
367060190,367133450,301,279,12,0.9269102990033222,0.0398671096345514,33.75839257380593,"PI""ILANI",MOANA HOLO,Tug Tow,Tug Tow
367379890,367433780,301,92,234,0.3056478405315614,0.7774086378737541,17.577023118970047,DISCOVERY,STAR OF HONOLULU,Passenger,Passenger
367148660,367579350,300,286,0,0.9533333333333334,0.0,9.967756825765775,MANUOKEKAI,OCEAN PATHFINDER,Tug Tow,Tug Tow
366932980,367056982,300,286,3,0.9533333333333334,0.01,13.29206433817308,DREW FOSS,HOKU-LOA,Tug Tow,Tug Tow
367433780,367480150,299,288,1,0.9632107023411371,0.0033444816053511,38.29054613114647,STAR OF HONOLULU,LADY ANNIE,Passenger,Fishing
303174000,367433780,299,283,6,0.9464882943143812,0.020066889632107,37.263071726911775,GAIL ANN,STAR OF HONOLULU,Fishing,Passenger
367056982,367420170,299,287,5,0.959866220735786,0.0167224080267558,10.160453980099502,HOKU-LOA,TIRA LANI,Tug Tow,Tug Tow
367119160,367433780,297,254,35,0.8552188552188552,0.1178451178451178,6.678736478294415,HOKULANI,STAR OF HONOLULU,Tug Tow,Passenger
303165000,369629000,297,287,0,0.9663299663299664,0.0,49.62358811141954,KAIMIKAI-O-KANALOA,MAJESTIC,Research Vessel,Passenger
367403980,367578510,297,295,0,0.9932659932659932,0.0,71.39509381993459,DOUBLE D,LADY KAREN II,Fishing,Fishing
367015060,367060190,296,260,35,0.8783783783783784,0.1182432432432432,9.318095902235168,HOKU-KE'A,"PI""ILANI",Tug Tow,Tug Tow
367403980,367480150,296,295,0,0.9966216216216216,0.0,87.1121955788685,DOUBLE D,LADY ANNIE,Fishing,Fishing
367403980,367701060,296,295,0,0.9966216216216216,0.0,123.08840102572589,DOUBLE D,KULAMANU,Fishing,Pleasure Craft/Sailing
367433780,367479170,296,285,4,0.9628378378378378,0.0135135135135135,33.04657029961908,STAR OF HONOLULU,CAPTAIN D,Passenger,Fishing
367309910,367471530,295,294,0,0.9966101694915256,0.0,63.98889009704985,NUNUI,GOLDEN DRAGON,Tug Tow,Fishing
367133450,367638270,294,293,0,0.9965986394557824,0.0,82.06392935433217,MOANA HOLO,SAPPHIRE,Tug Tow,Fishing
338070127,367330610,293,293,0,1.0,0.0,118.9930814520872,HONOLULU,DESTINY,Pilot vessel,Fishing
338199855,367707220,293,290,1,0.9897610921501706,0.0034129692832764,64.1734389432042,AHUA POINT,ST JOSEPH,Passenger,Fishing
366606000,369629000,293,279,6,0.9522184300341296,0.0204778156996587,45.98827168819751,HAWAII RESPONDER,MAJESTIC,Oil Recovery,Passenger
366932980,367707220,293,293,0,1.0,0.0,89.78460731963037,DREW FOSS,ST JOSEPH,Tug Tow,Fishing
303165000,367330610,293,293,0,1.0,0.0,114.83472107876158,KAIMIKAI-O-KANALOA,DESTINY,Research Vessel,Fishing
303165000,367707220,293,293,0,1.0,0.0,106.43820383859406,KAIMIKAI-O-KANALOA,ST JOSEPH,Research Vessel,Fishing
367309260,367330610,293,293,1,1.0,0.0034129692832764,36.8421873577398,SIRIUS,DESTINY,Tug Tow,Fishing
367330610,367578510,293,293,0,1.0,0.0,128.28383255645437,DESTINY,LADY KAREN II,Fishing,Fishing
367330610,367579350,293,293,0,1.0,0.0,67.0620349156975,DESTINY,OCEAN PATHFINDER,Fishing,Tug Tow
367330610,436827810,293,293,0,1.0,0.0,118.82758342503284,DESTINY,MISS JANE,Fishing,Fishing
367420170,367638270,293,291,1,0.9931740614334472,0.0034129692832764,65.21448862126981,TIRA LANI,SAPPHIRE,Tug Tow,Fishing
367480150,367707220,293,293,0,1.0,0.0,145.56989642631245,LADY ANNIE,ST JOSEPH,Fishing,Fishing
366999649,367133450,293,287,2,0.9795221843003412,0.0068259385665529,21.753161954699426,CG AHI,MOANA HOLO,"Public Vessel, Unclassified",Tug Tow
366999649,367701060,293,293,0,1.0,0.0,51.81207665573863,CG AHI,KULAMANU,"Public Vessel, Unclassified",Pleasure Craft/Sailing
338199855,367330610,292,291,1,0.9965753424657534,0.0034246575342465,68.99954498791021,AHUA POINT,DESTINY,Passenger,Fishing
303174000,367416420,291,287,2,0.986254295532646,0.0068728522336769,62.2492710749963,GAIL ANN,FREEDOM,Fishing,Tug Tow
367309860,367403980,291,288,0,0.9896907216494846,0.0,32.21891006157993,NAMAHOE,DOUBLE D,Tug Tow,Fishing
367433780,367602740,291,281,2,0.9656357388316152,0.0068728522336769,32.436369844789354,STAR OF HONOLULU,AOLANI,Passenger,Fishing
366606000,367707220,290,289,0,0.996551724137931,0.0,98.96364179428696,HAWAII RESPONDER,ST JOSEPH,Oil Recovery,Fishing
338070127,367056982,290,275,4,0.9482758620689656,0.0137931034482758,15.783863585969872,HONOLULU,HOKU-LOA,Pilot vessel,Tug Tow
338070127,367133450,289,282,5,0.9757785467128028,0.0173010380622837,55.164523105804015,HONOLULU,MOANA HOLO,Pilot vessel,Tug Tow
366972620,367707220,288,275,1,0.9548611111111112,0.0034722222222222,73.08794184461608,MIKIOI,ST JOSEPH,Tug Tow,Fishing
367403980,367638270,288,288,0,1.0,0.0,93.90682216197284,DOUBLE D,SAPPHIRE,Fishing,Fishing
367638270,436827810,288,288,0,1.0,0.0,102.52691988476867,SAPPHIRE,MISS JANE,Fishing,Fishing
367309260,367433780,288,276,1,0.9583333333333334,0.0034722222222222,8.651890437521335,SIRIUS,STAR OF HONOLULU,Tug Tow,Passenger
369629000,436827810,287,279,0,0.9721254355400696,0.0,49.62010237870215,MAJESTIC,MISS JANE,Passenger,Fishing
303165000,367733060,287,286,0,0.9965156794425089,0.0,96.57418444501565,KAIMIKAI-O-KANALOA,GREEN MOUNTAIN,Research Vessel,Fishing
367638270,367733060,287,286,1,0.9965156794425089,0.0034843205574912,146.3364424177019,SAPPHIRE,GREEN MOUNTAIN,Fishing,Fishing
367133450,367733060,287,286,0,0.9965156794425089,0.0,78.35462729235729,MOANA HOLO,GREEN MOUNTAIN,Tug Tow,Fishing
366606000,367330610,287,287,0,1.0,0.0,105.66599580491692,HAWAII RESPONDER,DESTINY,Oil Recovery,Fishing
367060190,367479170,287,274,5,0.9547038327526132,0.0174216027874564,47.30226168743968,"PI""ILANI",CAPTAIN D,Tug Tow,Fishing
367183810,367479170,287,286,0,0.9965156794425089,0.0,75.16692299356474,SEA DIAMOND,CAPTAIN D,Fishing,Fishing
338199855,367733060,286,283,1,0.9895104895104896,0.0034965034965034,58.02337166730162,AHUA POINT,GREEN MOUNTAIN,Passenger,Fishing
367008740,367416420,286,279,6,0.9755244755244756,0.0209790209790209,16.905313913778418,MIKI HANA,FREEDOM,Tug Tow,Tug Tow
367015060,367579350,286,273,0,0.9545454545454546,0.0,8.635813921528207,HOKU-KE'A,OCEAN PATHFINDER,Tug Tow,Tug Tow
367060190,367480150,286,276,0,0.965034965034965,0.0,54.06942271589487,"PI""ILANI",LADY ANNIE,Tug Tow,Fishing
338179903,366913520,286,284,0,0.993006993006993,0.0,46.054642414178375,BARUCH HASHEM,BLACK DIAMOND,Pleasure Craft/Sailing,Pleasure Craft/Sailing
338179903,518728000,286,284,0,0.993006993006993,0.0,46.054642414178375,BARUCH HASHEM,ENCORE,Pleasure Craft/Sailing,Pleasure Craft/Sailing
367420170,369629000,285,269,42,0.9438596491228072,0.1473684210526315,30.807160366404336,TIRA LANI,MAJESTIC,Tug Tow,Passenger
366606000,367733060,284,283,2,0.9964788732394366,0.0070422535211267,89.77289830576683,HAWAII RESPONDER,GREEN MOUNTAIN,Oil Recovery,Fishing
367148660,367578510,284,274,0,0.9647887323943662,0.0,18.050520038394744,MANUOKEKAI,LADY KAREN II,Tug Tow,Fishing
367579350,367701060,284,282,0,0.9929577464788732,0.0,72.7685946706355,OCEAN PATHFINDER,KULAMANU,Tug Tow,Pleasure Craft/Sailing
366932980,367133450,283,279,0,0.9858657243816256,0.0,43.974845263441615,DREW FOSS,MOANA HOLO,Tug Tow,Tug Tow
367056982,367579350,283,270,3,0.9540636042402828,0.0106007067137809,8.680740479314574,HOKU-LOA,OCEAN PATHFINDER,Tug Tow,Tug Tow
367060190,369629000,283,239,88,0.8445229681978799,0.3109540636042402,28.788555836696503,"PI""ILANI",MAJESTIC,Tug Tow,Passenger
366932980,367119160,282,268,3,0.950354609929078,0.0106382978723404,12.970446151346271,DREW FOSS,HOKULANI,Tug Tow,Tug Tow
366972620,367330610,282,273,0,0.9680851063829788,0.0,77.21079703277671,MIKIOI,DESTINY,Tug Tow,Fishing
367133450,367416420,282,274,11,0.9716312056737588,0.0390070921985815,36.77332176760566,MOANA HOLO,FREEDOM,Tug Tow,Tug Tow
367330610,367420170,282,281,1,0.99645390070922,0.0035460992907801,71.50391203470191,DESTINY,TIRA LANI,Fishing,Tug Tow
338070127,367119160,281,267,1,0.9501779359430604,0.0035587188612099,15.87655482645826,HONOLULU,HOKULANI,Pilot vessel,Tug Tow
366972620,367733060,281,269,2,0.9572953736654805,0.0071174377224199,66.0554720086789,MIKIOI,GREEN MOUNTAIN,Tug Tow,Fishing
367060190,367602740,280,262,9,0.9357142857142856,0.0321428571428571,46.07471031096563,"PI""ILANI",AOLANI,Tug Tow,Fishing
367119160,367579350,280,264,4,0.9428571428571428,0.0142857142857142,8.915854964918877,HOKULANI,OCEAN PATHFINDER,Tug Tow,Tug Tow
303165000,367581690,280,279,0,0.9964285714285714,0.0,80.71296194355756,KAIMIKAI-O-KANALOA,MISS EMMA,Research Vessel,Fishing
319329000,367730340,280,280,0,1.0,0.0,60.78484073792579,INVICTUS,KAKU,Pleasure Craft/Sailing,Tug Tow
367179270,367579350,279,277,0,0.992831541218638,0.0,60.224663270458834,RACHEL,OCEAN PATHFINDER,Fishing,Tug Tow
338070127,367179270,279,277,1,0.992831541218638,0.003584229390681,106.861032042569,HONOLULU,RACHEL,Pilot vessel,Fishing
367179270,367578510,279,277,0,0.992831541218638,0.0,115.20453604589272,RACHEL,LADY KAREN II,Fishing,Fishing
338199855,367581690,279,276,2,0.989247311827957,0.007168458781362,48.48944717641788,AHUA POINT,MISS EMMA,Passenger,Fishing
366999649,367148660,279,264,3,0.946236559139785,0.010752688172043,6.397615190847132,CG AHI,MANUOKEKAI,"Public Vessel, Unclassified",Tug Tow
367015060,367578510,279,267,0,0.956989247311828,0.0,16.115235069780525,HOKU-KE'A,LADY KAREN II,Tug Tow,Fishing
303165000,367179270,279,277,0,0.992831541218638,0.0,103.1266411378556,KAIMIKAI-O-KANALOA,RACHEL,Research Vessel,Fishing
367179270,436827810,279,277,0,0.992831541218638,0.0,106.71240751956128,RACHEL,MISS JANE,Fishing,Fishing
338199855,367179270,278,274,5,0.9856115107913668,0.0179856115107913,61.95398430323901,AHUA POINT,RACHEL,Passenger,Fishing
367480150,367602740,278,278,0,1.0,0.0,102.7594294117647,LADY ANNIE,AOLANI,Fishing,Fishing
366999649,367309910,278,275,0,0.9892086330935252,0.0,20.28557211850541,CG AHI,NUNUI,"Public Vessel, Unclassified",Tug Tow
367008740,367403980,277,275,0,0.9927797833935018,0.0,21.92148823560897,MIKI HANA,DOUBLE D,Tug Tow,Fishing
366606000,367581690,277,276,0,0.9963898916967509,0.0,75.00889655945117,HAWAII RESPONDER,MISS EMMA,Oil Recovery,Fishing
338070127,367480150,277,276,0,0.9963898916967509,0.0,89.12760373996396,HONOLULU,LADY ANNIE,Pilot vessel,Fishing
367416420,367701060,276,271,0,0.9818840579710144,0.0,85.72380540487106,FREEDOM,KULAMANU,Tug Tow,Pleasure Craft/Sailing
366972620,367179270,275,264,6,0.96,0.0218181818181818,71.01051971933718,MIKIOI,RACHEL,Tug Tow,Fishing
367137680,367480150,275,274,0,0.9963636363636365,0.0,94.54102930234592,THE SEEKER II,LADY ANNIE,Fishing,Fishing
367480150,367701060,275,274,0,0.9963636363636365,0.0,165.0170693277311,LADY ANNIE,KULAMANU,Fishing,Pleasure Craft/Sailing
338070127,369629000,274,264,9,0.9635036496350364,0.0328467153284671,47.43848033745788,HONOLULU,MAJESTIC,Pilot vessel,Passenger
366606000,367179270,274,272,0,0.9927007299270072,0.0,95.14040293526072,HAWAII RESPONDER,RACHEL,Oil Recovery,Fishing
367479170,367480150,274,272,0,0.9927007299270072,0.0,101.44318556749624,CAPTAIN D,LADY ANNIE,Fishing,Fishing
367433780,367638270,274,261,5,0.9525547445255474,0.0182481751824817,38.876605958246216,STAR OF HONOLULU,SAPPHIRE,Passenger,Fishing
367060190,367330610,273,257,0,0.9413919413919414,0.0,65.14333316878117,"PI""ILANI",DESTINY,Tug Tow,Fishing
367133450,367602740,273,269,3,0.9853479853479854,0.0109890109890109,59.864464122137406,MOANA HOLO,AOLANI,Tug Tow,Fishing
338199855,367309710,272,268,10,0.9852941176470588,0.0367647058823529,10.394709010797875,AHUA POINT,NIOLO,Passenger,Tug Tow
367420170,367733060,272,270,0,0.9926470588235294,0.0,59.2138298978001,TIRA LANI,GREEN MOUNTAIN,Tug Tow,Fishing
303174000,367309910,272,272,0,1.0,0.0,65.54374581773071,GAIL ANN,NUNUI,Fishing,Tug Tow
338070127,367479170,272,271,0,0.9963235294117648,0.0,76.2984429683594,HONOLULU,CAPTAIN D,Pilot vessel,Fishing
367137680,367707220,270,270,0,1.0,0.0,108.59187788018431,THE SEEKER II,ST JOSEPH,Fishing,Fishing
367579350,369629000,270,255,11,0.9444444444444444,0.0407407407407407,26.34504749171981,OCEAN PATHFINDER,MAJESTIC,Tug Tow,Passenger
367060190,367179270,270,251,2,0.9296296296296296,0.0074074074074074,60.762014418376445,"PI""ILANI",RACHEL,Tug Tow,Fishing
338070127,367602740,269,266,4,0.9888475836431226,0.0148698884758364,75.33618495821727,HONOLULU,AOLANI,Pilot vessel,Fishing
338070127,367581690,269,268,0,0.9962825278810408,0.0,80.35002661925904,HONOLULU,MISS EMMA,Pilot vessel,Fishing
366972620,367581690,269,257,1,0.9553903345724908,0.0037174721189591,54.1702526879136,MIKIOI,MISS EMMA,Tug Tow,Fishing
303165000,367309710,269,269,0,1.0,0.0,17.050532086586376,KAIMIKAI-O-KANALOA,NIOLO,Research Vessel,Tug Tow
367309710,436827810,269,269,0,1.0,0.0,17.64338786150245,NIOLO,MISS JANE,Tug Tow,Fishing
367479170,367707220,269,268,0,0.9962825278810408,0.0,116.51196925834024,CAPTAIN D,ST JOSEPH,Fishing,Fishing
367701060,367707220,269,269,0,1.0,0.0,188.8401787459852,KULAMANU,ST JOSEPH,Pleasure Craft/Sailing,Fishing
367602740,367638270,268,268,0,1.0,0.0,109.75620692464358,AOLANI,SAPPHIRE,Fishing,Fishing
367707220,436827810,268,268,0,1.0,0.0,100.74157955344192,ST JOSEPH,MISS JANE,Fishing,Fishing
366999649,367015060,268,250,11,0.9328358208955224,0.0410447761194029,5.584827559219365,CG AHI,HOKU-KE'A,"Public Vessel, Unclassified",Tug Tow
367179270,367420170,268,264,1,0.9850746268656716,0.003731343283582,64.08797640567025,RACHEL,TIRA LANI,Fishing,Tug Tow
303174000,367183810,268,268,0,1.0,0.0,78.35242665823003,GAIL ANN,SEA DIAMOND,Fishing,Fishing
367420170,367707220,267,266,0,0.99625468164794,0.0,62.75036746143058,TIRA LANI,ST JOSEPH,Tug Tow,Fishing
367309710,367420170,267,266,2,0.99625468164794,0.0074906367041198,10.948938412594828,NIOLO,TIRA LANI,Tug Tow,Tug Tow
367330610,367416420,266,264,0,0.9924812030075189,0.0,73.80018587976096,DESTINY,FREEDOM,Fishing,Tug Tow
367416420,369629000,266,234,64,0.8796992481203008,0.2406015037593984,31.46180031075863,FREEDOM,MAJESTIC,Tug Tow,Passenger
366606000,367309710,266,266,0,1.0,0.0,15.838536395853469,HAWAII RESPONDER,NIOLO,Oil Recovery,Tug Tow
366972620,367309710,266,255,10,0.9586466165413534,0.037593984962406,11.778517207057227,MIKIOI,NIOLO,Tug Tow,Tug Tow
367008740,367183810,265,259,0,0.9773584905660376,0.0,21.40816565285948,MIKI HANA,SEA DIAMOND,Tug Tow,Fishing
367008740,367309860,264,257,6,0.9734848484848484,0.0227272727272727,11.342154435608755,MIKI HANA,NAMAHOE,Tug Tow,Tug Tow
303165000,367705430,264,262,0,0.9924242424242424,0.0,61.937589605734765,KAIMIKAI-O-KANALOA,LADY OF THE SEA II,Research Vessel,Fishing
338070127,367705430,264,262,0,0.9924242424242424,0.0,64.18045496750233,HONOLULU,LADY OF THE SEA II,Pilot vessel,Fishing
338199855,367705430,264,260,4,0.9848484848484848,0.0151515151515151,37.34324689357104,AHUA POINT,LADY OF THE SEA II,Passenger,Fishing
366932980,367705430,264,262,0,0.9924242424242424,0.0,52.246674225245656,DREW FOSS,LADY OF THE SEA II,Tug Tow,Fishing
366972620,367705430,264,250,4,0.946969696969697,0.0151515151515151,43.26907668231612,MIKIOI,LADY OF THE SEA II,Tug Tow,Fishing
367137680,367705430,264,262,0,0.9924242424242424,0.0,68.57375992063493,THE SEEKER II,LADY OF THE SEA II,Fishing,Fishing
367579350,367705430,264,261,0,0.9886363636363636,0.0,36.17077446363161,OCEAN PATHFINDER,LADY OF THE SEA II,Tug Tow,Fishing
367705430,436827810,264,262,0,0.9924242424242424,0.0,64.09119146963376,LADY OF THE SEA II,MISS JANE,Fishing,Fishing
366932980,367015060,263,250,0,0.9505703422053232,0.0,11.47080334021171,DREW FOSS,HOKU-KE'A,Tug Tow,Tug Tow
366932980,367602740,263,263,0,1.0,0.0,59.96018321995465,DREW FOSS,AOLANI,Tug Tow,Fishing
367008740,367137680,263,257,0,0.9771863117870724,0.0,24.313439346326767,MIKI HANA,THE SEEKER II,Tug Tow,Fishing
367015060,367416420,262,239,31,0.9122137404580152,0.1183206106870229,9.589704967094466,HOKU-KE'A,FREEDOM,Tug Tow,Tug Tow
367403980,367733060,262,261,0,0.9961832061068704,0.0,83.55717004593093,DOUBLE D,GREEN MOUNTAIN,Fishing,Fishing
367733060,436827810,262,261,0,0.9961832061068704,0.0,91.22723016141276,GREEN MOUNTAIN,MISS JANE,Fishing,Fishing
366999649,367309260,262,260,0,0.9923664122137404,0.0,7.691740985602473,CG AHI,SIRIUS,"Public Vessel, Unclassified",Tug Tow
366999649,367638270,262,261,0,0.9961832061068704,0.0,36.32820233322227,CG AHI,SAPPHIRE,"Public Vessel, Unclassified",Fishing
367420170,367581690,262,260,2,0.9923664122137404,0.0076335877862595,48.8609200178068,TIRA LANI,MISS EMMA,Tug Tow,Fishing
367183810,367705430,262,261,0,0.9961832061068704,0.0,59.47004406877619,SEA DIAMOND,LADY OF THE SEA II,Fishing,Fishing
367148660,367309860,261,251,5,0.9616858237547892,0.0191570881226053,7.640430366903368,MANUOKEKAI,NAMAHOE,Tug Tow,Tug Tow
366606000,367705430,261,259,0,0.992337164750958,0.0,57.52261679292929,HAWAII RESPONDER,LADY OF THE SEA II,Oil Recovery,Fishing
338199855,367055260,260,228,31,0.8769230769230769,0.1192307692307692,6.34549649848276,AHUA POINT,HENRY SR,Passenger,Tug Tow
367060190,367705430,260,247,3,0.95,0.0115384615384615,37.13859338061466,"PI""ILANI",LADY OF THE SEA II,Tug Tow,Fishing
367055260,367420170,259,229,47,0.8841698841698842,0.1814671814671814,6.782805196970171,HENRY SR,TIRA LANI,Tug Tow,Tug Tow
366999649,367479170,259,258,0,0.996138996138996,0.0,28.2578608981304,CG AHI,CAPTAIN D,"Public Vessel, Unclassified",Fishing
366932980,369629000,258,246,4,0.9534883720930232,0.0155038759689922,36.3626704885713,DREW FOSS,MAJESTIC,Tug Tow,Passenger
366999649,367056982,258,246,3,0.9534883720930232,0.0116279069767441,5.461699155899807,CG AHI,HOKU-LOA,"Public Vessel, Unclassified",Tug Tow
367060190,367309710,257,242,17,0.9416342412451362,0.0661478599221789,9.917917909004093,"PI""ILANI",NIOLO,Tug Tow,Tug Tow
367420170,367705430,257,252,2,0.980544747081712,0.0077821011673151,39.00844082125604,TIRA LANI,LADY OF THE SEA II,Tug Tow,Fishing
338199855,367080250,256,215,37,0.83984375,0.14453125,6.759755253556122,AHUA POINT,MARY CATHERINE,Passenger,Tug Tow
367330610,367433780,256,245,0,0.95703125,0.0,41.379188295152304,DESTINY,STAR OF HONOLULU,Fishing,Passenger
367416420,367602740,256,252,0,0.984375,0.0,48.97935223596575,FREEDOM,AOLANI,Tug Tow,Fishing
366999649,367480150,256,254,0,0.9921875,0.0,32.03798355745332,CG AHI,LADY ANNIE,"Public Vessel, Unclassified",Fishing
366972620,367055260,256,222,40,0.8671875,0.15625,7.239320064487894,MIKIOI,HENRY SR,Tug Tow,Tug Tow
367133450,367480150,255,250,1,0.9803921568627452,0.0039215686274509,64.24328653217012,MOANA HOLO,LADY ANNIE,Tug Tow,Fishing
367416420,367638270,255,251,3,0.984313725490196,0.0117647058823529,62.10288523586304,FREEDOM,SAPPHIRE,Tug Tow,Fishing
367433780,367707220,255,246,2,0.9647058823529412,0.0078431372549019,38.203794435305056,STAR OF HONOLULU,ST JOSEPH,Passenger,Fishing
366999649,367008740,255,248,0,0.9725490196078432,0.0,8.581602738603568,CG AHI,MIKI HANA,"Public Vessel, Unclassified",Tug Tow
367581690,436827810,255,254,0,0.996078431372549,0.0,76.06230449002454,MISS EMMA,MISS JANE,Fishing,Fishing
367119160,367403980,254,244,0,0.9606299212598424,0.0,13.126182908225154,HOKULANI,DOUBLE D,Tug Tow,Fishing
367433780,367581690,254,228,14,0.8976377952755905,0.0551181102362204,30.196414111984744,STAR OF HONOLULU,MISS EMMA,Passenger,Fishing
367119160,367416420,253,226,30,0.8932806324110671,0.1185770750988142,9.765448566000348,HOKULANI,FREEDOM,Tug Tow,Tug Tow
367060190,367638270,252,236,4,0.9365079365079364,0.0158730158730158,52.784164052786494,"PI""ILANI",SAPPHIRE,Tug Tow,Fishing
303174000,366999649,252,250,0,0.992063492063492,0.0,30.69112736138864,GAIL ANN,CG AHI,Fishing,"Public Vessel, Unclassified"
367056982,367183810,252,244,0,0.9682539682539684,0.0,12.806013819071094,HOKU-LOA,SEA DIAMOND,Tug Tow,Fishing
303165000,367460990,251,251,0,1.0,0.0,81.69382549153666,KAIMIKAI-O-KANALOA,FINBACK,Research Vessel,Fishing
338199855,367460990,251,248,6,0.9880478087649402,0.0239043824701195,49.25462412131546,AHUA POINT,FINBACK,Passenger,Fishing
367133450,367579350,251,245,0,0.9760956175298804,0.0,27.001678567576683,MOANA HOLO,OCEAN PATHFINDER,Tug Tow,Tug Tow
367460990,367602740,251,251,0,1.0,0.0,97.24832986512524,FINBACK,AOLANI,Fishing,Fishing
366999649,367119160,251,235,8,0.9362549800796812,0.0318725099601593,5.515900413155799,CG AHI,HOKULANI,"Public Vessel, Unclassified",Tug Tow
367008740,367602740,250,249,0,0.996,0.0,24.84962926347009,MIKI HANA,AOLANI,Tug Tow,Fishing
367433780,367733060,250,239,2,0.956,0.008,34.69409501682847,STAR OF HONOLULU,GREEN MOUNTAIN,Passenger,Fishing
303165000,367055260,250,230,0,0.92,0.0,10.1198597486659,KAIMIKAI-O-KANALOA,HENRY SR,Research Vessel,Tug Tow
367056982,367137680,250,240,0,0.96,0.0,14.538195369876806,HOKU-LOA,THE SEEKER II,Tug Tow,Fishing
367403980,367707220,249,248,0,0.9959839357429718,0.0,85.72994452434764,DOUBLE D,ST JOSEPH,Fishing,Fishing
367416420,367480150,249,244,0,0.9799196787148594,0.0,54.73353983601052,FREEDOM,LADY ANNIE,Tug Tow,Fishing
367471530,367705430,249,247,0,0.9919678714859438,0.0,69.98920424047236,GOLDEN DRAGON,LADY OF THE SEA II,Fishing,Fishing
338199855,367338850,248,241,10,0.9717741935483872,0.0403225806451612,35.97950749652532,AHUA POINT,LAURA ANN,Passenger,Fishing
367056982,367416420,248,225,23,0.907258064516129,0.0927419354838709,9.22122735513678,HOKU-LOA,FREEDOM,Tug Tow,Tug Tow
367309860,367701060,248,246,0,0.9919354838709676,0.0,55.98587415350901,NAMAHOE,KULAMANU,Tug Tow,Pleasure Craft/Sailing
367183810,367309710,248,248,0,1.0,0.0,15.208414231586548,SEA DIAMOND,NIOLO,Fishing,Tug Tow
303165000,367150430,247,246,0,0.9959514170040484,0.0,82.2946994761511,KAIMIKAI-O-KANALOA,KATY MARY,Research Vessel,Fishing
338070127,367638270,247,247,0,1.0,0.0,88.05354032756752,HONOLULU,SAPPHIRE,Pilot vessel,Fishing
338199855,367150430,247,243,1,0.9838056680161944,0.0040485829959514,49.616901466982505,AHUA POINT,KATY MARY,Passenger,Fishing
366853890,366914430,161,123,75,0.7639751552795031,0.4658385093167702,255.1994273966729,NEIL ABERCROMBIE,ASD KAIMANA HILA,Tug Tow,Tug Tow
366853890,366914420,154,114,71,0.7402597402597403,0.461038961038961,263.82935972409655,NEIL ABERCROMBIE,SEAS THE DAY,Tug Tow,Pleasure Craft/Sailing
366853890,366914410,127,92,77,0.7244094488188977,0.6062992125984252,229.14662474516896,NEIL ABERCROMBIE,ASD PATSY MINK,Tug Tow,Tug Tow
366853890,369970261,126,112,7,0.8888888888888888,0.0555555555555555,65.2192618646546,NEIL ABERCROMBIE,ILIWAI,Tug Tow,"Public Vessel, Unclassified"
366853890,369970966,101,88,11,0.8712871287128713,0.1089108910891089,36.52465549637584,NEIL ABERCROMBIE,95SC1203,Tug Tow,"Public Vessel, Unclassified"
366837840,367745320,28,11,16,0.3928571428571428,0.5714285714285714,1.7022286461719451,MAKANI OLU,EXPEDITIONS SIX,School Ship,Passenger
303890000,366853890,22,9,14,0.4090909090909091,0.6363636363636364,20.024870901624503,BRITTIN,NEIL ABERCROMBIE,Cargo,Tug Tow
366853890,369970228,21,17,4,0.8095238095238095,0.1904761904761904,51.86936441177627,NEIL ABERCROMBIE,USS TUCSON,Tug Tow,"Public Vessel, Unclassified"
366853890,368806000,21,7,5,0.3333333333333333,0.238095238095238,9.829888747769926,NEIL ABERCROMBIE,LTG WILLIAM B BUNKER,Tug Tow,"Public Vessel, Unclassified"
303966000,366914420,18,10,14,0.5555555555555556,0.7777777777777778,162.05931656995486,USS MICHAEL MURPHY,SEAS THE DAY,"Public Vessel, Unclassified",Pleasure Craft/Sailing
303966000,366914410,16,9,12,0.5625,0.75,151.7151048740003,USS MICHAEL MURPHY,ASD PATSY MINK,"Public Vessel, Unclassified",Tug Tow
366853890,366985000,12,7,6,0.5833333333333334,0.5,14.607093737287643,NEIL ABERCROMBIE,FISHER,Tug Tow,Cargo
366853890,367219000,12,10,3,0.8333333333333334,0.25,4.065090001455549,NEIL ABERCROMBIE,USNS GUADALUPE,Tug Tow,Tanker
311476000,367309910,11,2,9,0.1818181818181818,0.8181818181818182,5.698932310990188,LIMERICK SPIRIT,NUNUI,Tanker,Tug Tow
303966000,366914430,9,4,5,0.4444444444444444,0.5555555555555556,74.97136607675482,USS MICHAEL MURPHY,ASD KAIMANA HILA,"Public Vessel, Unclassified",Tug Tow
303966000,369970261,9,6,2,0.6666666666666666,0.2222222222222222,24.48200255405727,USS MICHAEL MURPHY,ILIWAI,"Public Vessel, Unclassified","Public Vessel, Unclassified"
303966000,369970966,8,6,1,0.75,0.125,15.20385912383372,USS MICHAEL MURPHY,95SC1203,"Public Vessel, Unclassified","Public Vessel, Unclassified"
303966000,366853890,8,4,6,0.5,0.75,86.60659832888277,USS MICHAEL MURPHY,NEIL ABERCROMBIE,"Public Vessel, Unclassified",Tug Tow
319329000,338210969,7,6,0,0.8571428571428571,0.0,4.83266864425401,INVICTUS,TALISKER,Pleasure Craft/Sailing,Pleasure Craft/Sailing
338210969,367730340,7,7,0,1.0,0.0,5.613014572646301,TALISKER,KAKU,Pleasure Craft/Sailing,Tug Tow
303925000,366914430,6,3,3,0.5,0.5,146.81892523364485,PATHFINDER,ASD KAIMANA HILA,"Public Vessel, Unclassified",Tug Tow
338210969,367433780,6,0,4,0.0,0.6666666666666666,1.8828579133457184,TALISKER,STAR OF HONOLULU,Pleasure Craft/Sailing,Passenger
338210969,366914870,6,6,0,1.0,0.0,11.360119316641056,TALISKER,IKAIKA,Pleasure Craft/Sailing,Pleasure Craft/Sailing
311476000,367309890,6,2,4,0.3333333333333333,0.6666666666666666,5.400816501933821,LIMERICK SPIRIT,NOKE,Tanker,Tug Tow
366853890,366953000,5,0,5,0.0,1.0,10.689364814751812,NEIL ABERCROMBIE,CG WALNUT,Tug Tow,"Public Vessel, Unclassified"
316017865,367379890,4,2,3,0.5,0.75,8.965561520215442,FORTY,DISCOVERY,Pleasure Craft/Sailing,Passenger
338210969,369629000,4,0,3,0.0,0.75,2.2398125128095456,TALISKER,MAJESTIC,Pleasure Craft/Sailing,Passenger
303925000,366914410,4,3,1,0.75,0.25,111.41578014184395,PATHFINDER,ASD PATSY MINK,"Public Vessel, Unclassified",Tug Tow
338210969,367379890,4,0,4,0.0,1.0,1.8981143759014676,TALISKER,DISCOVERY,Pleasure Craft/Sailing,Passenger
303925000,366914420,4,3,0,0.75,0.0,105.78872053872054,PATHFINDER,SEAS THE DAY,"Public Vessel, Unclassified",Pleasure Craft/Sailing
303925000,369970228,4,3,0,0.75,0.0,152.52063106796118,PATHFINDER,USS TUCSON,"Public Vessel, Unclassified","Public Vessel, Unclassified"
303925000,366853890,4,3,1,0.75,0.25,127.20344129554655,PATHFINDER,NEIL ABERCROMBIE,"Public Vessel, Unclassified",Tug Tow
338210969,367191940,4,4,0,1.0,0.0,5.761960433716159,TALISKER,BETTY H,Pleasure Craft/Sailing,Fishing
366853890,366939140,4,2,0,0.5,0.0,11.182720113894202,NEIL ABERCROMBIE,CAROLYN,Tug Tow,Tug Tow
303966000,367309870,4,0,4,0.0,1.0,32.60949662688116,USS MICHAEL MURPHY,NENE,"Public Vessel, Unclassified",Tug Tow
316017865,367442170,3,0,3,0.0,1.0,19.61353586849087,FORTY,PARADISE 2002,Pleasure Craft/Sailing,Fishing
303925000,369961005,3,0,3,0.0,1.0,172.00319343065692,PATHFINDER,RUBBADUCK,"Public Vessel, Unclassified",Diving
366853890,368501000,3,1,1,0.3333333333333333,0.3333333333333333,1.9569760199314856,NEIL ABERCROMBIE,C-COMMANDO,Tug Tow,Industrial Vessel
316017865,338179903,3,2,0,0.6666666666666666,0.0,7.647222278563171,FORTY,BARUCH HASHEM,Pleasure Craft/Sailing,Pleasure Craft/Sailing
366339000,366837840,3,0,1,0.0,0.3333333333333333,0.2985343721792009,SAFARI EXPLORER,MAKANI OLU,Passenger,School Ship
303966000,369970797,3,0,3,0.0,1.0,101.54349582547805,USS MICHAEL MURPHY,HIHIMANU,"Public Vessel, Unclassified",Diving
311476000,367309870,3,2,1,0.6666666666666666,0.3333333333333333,4.42109521575985,LIMERICK SPIRIT,NENE,Tanker,Tug Tow
304643000,311476000,3,0,3,0.0,1.0,2.265811298076923,SUZANNE,LIMERICK SPIRIT,Cargo,Tanker
366853890,367309870,3,1,2,0.3333333333333333,0.6666666666666666,4.653784437641948,NEIL ABERCROMBIE,NENE,Tug Tow,Tug Tow
303966000,368806000,3,0,0,0.0,0.0,7.379886081152499,USS MICHAEL MURPHY,LTG WILLIAM B BUNKER,"Public Vessel, Unclassified","Public Vessel, Unclassified"
