incident_num,rank,score,n_both_moving,name_a,name_b,class_a,class_b
7,17,2051.9594859692293,800,MIKI HANA,TIRA LANI,Tug Tow,Tug Tow
18,32,1476.4034945926833,710,"PI""ILANI",MAMO,Tug Tow,Tug Tow
7,125,507.85997277738426,198,SALISHAN,TIRA LANI,Tug Tow,Tug Tow
7,130,487.34037791769197,190,SALISHAN,MIKI HANA,Tug Tow,Tug Tow
17,160,404.2893222298644,184,LADY CHRISTINE I,CAPT K,Fishing,Fishing
36,161,402.55487726565605,162,NOKE,NA'INA,Tug Tow,Industrial Vessel
1,200,322.3619130191664,140,THE SEEKER II,IRON LADY,Fishing,Fishing
27,225,290.03364420838096,264,MOANA HOLO,OCEAN CRESCENT,Tug Tow,Cargo
25,232,282.80404966845765,204,PRINCESS JASMINE,PARADISE 2001,Fishing,Fishing
22,558,108.97096834709754,56,LADY J3,LADY ALICE,Fishing,Fishing
13,628,94.48065682545744,43,CAROLEIGH,KATY MARY,Fishing,Fishing
23,4217,10.75055681536833,6,AZURE,3 BROTHERS,Fishing,Fishing
10,39602,0.0,0,LADY MOCHA I,LADY MOCHA II,Fishing,Fishing
