decl_id,vessel,truth_fraud,模态1_时空,模态1_说明,模态2_文本,模态2_说明,模态3_图,模态3_说明,fusion_score,n_modality_conflict,intercept_level,suggested_action
D000,PATHFINDER,False,证据支持,本次航次无超过阈值的 AIS 信号缺口,证据支持,申报要素（船名/航线/时段）与可核验记录一致,证据缺失,共现网络数据不可用,0.0,0,绿色放行,未发现物理证据矛盾
D000F0,PATHFINDER,True,证据支持,本次航次无超过阈值的 AIS 信号缺口,证据矛盾,申报要素触发 2 条核验规则：规则1_航线不符;规则2_靠泊不符,证据缺失,共现网络数据不可用,0.4545,1,黄色预警,建议补充材料后复核
D000F1,PATHFINDER,True,证据支持,本次航次无超过阈值的 AIS 信号缺口,证据矛盾,申报要素触发 2 条核验规则：规则1_航线不符;规则2_靠泊不符,证据缺失,共现网络数据不可用,0.4545,1,黄色预警,建议补充材料后复核
D000F2,PATHFINDER,True,证据支持,本次航次无超过阈值的 AIS 信号缺口,证据矛盾,申报要素触发 1 条核验规则：规则2_时段无记录,证据缺失,共现网络数据不可用,0.3409,1,黄色预警,建议补充材料后复核
D000F3,PATHFINDER,True,证据支持,本次航次无超过阈值的 AIS 信号缺口,证据矛盾,申报要素触发 1 条核验规则：规则2_靠泊不符,证据缺失,共现网络数据不可用,0.3409,1,黄色预警,建议补充材料后复核
D001,USS MICHAEL MURPHY,False,证据支持,本次航次无超过阈值的 AIS 信号缺口,证据支持,申报要素（船名/航线/时段）与可核验记录一致,证据缺失,共现网络数据不可用,0.0,0,绿色放行,未发现物理证据矛盾
D001F0,USS MICHAEL MURPHY,True,证据支持,本次航次无超过阈值的 AIS 信号缺口,证据矛盾,申报要素触发 2 条核验规则：规则1_航线不符;规则2_靠泊不符,证据缺失,共现网络数据不可用,0.4545,1,黄色预警,建议补充材料后复核
D001F1,USS MICHAEL MURPHY,True,证据支持,本次航次无超过阈值的 AIS 信号缺口,证据矛盾,申报要素触发 2 条核验规则：规则1_航线不符;规则2_靠泊不符,证据缺失,共现网络数据不可用,0.4545,1,黄色预警,建议补充材料后复核
D001F2,USS MICHAEL MURPHY,True,证据支持,本次航次无超过阈值的 AIS 信号缺口,证据矛盾,申报要素触发 1 条核验规则：规则2_时段无记录,证据缺失,共现网络数据不可用,0.3409,1,黄色预警,建议补充材料后复核
D001F3,USS MICHAEL MURPHY,True,证据支持,本次航次无超过阈值的 AIS 信号缺口,证据矛盾,申报要素触发 1 条核验规则：规则2_靠泊不符,证据缺失,共现网络数据不可用,0.3409,1,黄色预警,建议补充材料后复核
D002,LIMERICK SPIRIT,False,证据缺失,存在 1 处信号缺口（最长 43.6 小时），但均发生在停泊期间或接收覆盖较弱海域 —— 判为「证据缺失」，不予采信,证据支持,申报要素（船名/航线/时段）与可核验记录一致,证据缺失,共现网络数据不可用,0.0,0,绿色放行,未发现物理证据矛盾
D002F0,LIMERICK SPIRIT,True,证据缺失,存在 1 处信号缺口（最长 43.6 小时），但均发生在停泊期间或接收覆盖较弱海域 —— 判为「证据缺失」，不予采信,证据矛盾,申报要素触发 2 条核验规则：规则1_航线不符;规则2_靠泊不符,证据缺失,共现网络数据不可用,0.4545,1,黄色预警,建议补充材料后复核
D002F1,LIMERICK SPIRIT,True,证据缺失,存在 1 处信号缺口（最长 43.6 小时），但均发生在停泊期间或接收覆盖较弱海域 —— 判为「证据缺失」，不予采信,证据矛盾,申报要素触发 2 条核验规则：规则1_航线不符;规则2_靠泊不符,证据缺失,共现网络数据不可用,0.4545,1,黄色预警,建议补充材料后复核
D002F2,LIMERICK SPIRIT,True,证据缺失,存在 1 处信号缺口（最长 43.6 小时），但均发生在停泊期间或接收覆盖较弱海域 —— 判为「证据缺失」，不予采信,证据矛盾,申报要素触发 1 条核验规则：规则2_时段无记录,证据缺失,共现网络数据不可用,0.3409,1,黄色预警,建议补充材料后复核
D002F3,LIMERICK SPIRIT,True,证据缺失,存在 1 处信号缺口（最长 43.6 小时），但均发生在停泊期间或接收覆盖较弱海域 —— 判为「证据缺失」，不予采信,证据矛盾,申报要素触发 1 条核验规则：规则2_靠泊不符,证据缺失,共现网络数据不可用,0.3409,1,黄色预警,建议补充材料后复核
D003,FORTY,False,证据缺失,存在 1 处信号缺口（最长 68.2 小时），但均发生在停泊期间或接收覆盖较弱海域 —— 判为「证据缺失」，不予采信,证据支持,申报要素（船名/航线/时段）与可核验记录一致,证据缺失,共现网络数据不可用,0.0,0,绿色放行,未发现物理证据矛盾
D004,FORTY,False,证据支持,本次航次无超过阈值的 AIS 信号缺口,证据支持,申报要素（船名/航线/时段）与可核验记录一致,证据缺失,共现网络数据不可用,0.0,0,绿色放行,未发现物理证据矛盾
D005,TALISKER,False,证据矛盾,在**应有良好覆盖**的海域、且船舶**正在航行**时出现 1 处信号缺口（最长 21.8 小时）,证据支持,申报要素（船名/航线/时段）与可核验记录一致,证据缺失,共现网络数据不可用,0.5455,1,红色拦截,建议人工复核并暂缓放款，留存证据链
D006,MAKANI OLU,False,证据矛盾,在**应有良好覆盖**的海域、且船舶**正在航行**时出现 1 处信号缺口（最长 96.2 小时）,证据支持,申报要素（船名/航线/时段）与可核验记录一致,证据缺失,共现网络数据不可用,0.5455,1,红色拦截,建议人工复核并暂缓放款，留存证据链
D007,MAKANI OLU,False,证据矛盾,在**应有良好覆盖**的海域、且船舶**正在航行**时出现 1 处信号缺口（最长 2.8 小时）,证据支持,申报要素（船名/航线/时段）与可核验记录一致,证据缺失,共现网络数据不可用,0.37,1,黄色预警,建议补充材料后复核
D008,NEIL ABERCROMBIE,False,证据矛盾,在**应有良好覆盖**的海域、且船舶**正在航行**时出现 1 处信号缺口（最长 16.4 小时）,证据支持,申报要素（船名/航线/时段）与可核验记录一致,证据缺失,共现网络数据不可用,0.5455,1,红色拦截,建议人工复核并暂缓放款，留存证据链
D009,NEIL ABERCROMBIE,False,证据缺失,存在 1 处信号缺口（最长 86.0 小时），但均发生在停泊期间或接收覆盖较弱海域 —— 判为「证据缺失」，不予采信,证据支持,申报要素（船名/航线/时段）与可核验记录一致,证据缺失,共现网络数据不可用,0.0,0,绿色放行,未发现物理证据矛盾
