decl_id,MMSI,voyage_id,vessel,declared,truth_fraud,fraud_type,pred_fraud,risk,n_rules,triggered,evidence
D000,303925000,303925000_1,PATHFINDER,P31→P14,False,,False,低,0,,
D000F0,303925000,303925000_1,PATHFINDER,P31→P03,True,伪造航线,True,高,2,规则1_航线不符;规则2_靠泊不符,申报目的港 P03，实际终点最近港 P14 | 申报到达时刻，船舶实际不在申报目的港 P03 附近
D000F1,303925000,303925000_1,PATHFINDER,P34→P14,True,伪造靠泊,True,高,2,规则1_航线不符;规则2_靠泊不符,申报起运港 P34，实际起点最近港 P31 | 申报起运时刻，船舶实际不在申报起运港 P34 附近
D000F2,303925000,303925000_1,PATHFINDER,P31→P14,True,时间不符,True,中,1,规则2_时段无记录,申报时段 2017-01-21 13:46–2017-01-23 13:46 内无任何 AIS 记录
D000F3,303925000,303925000_1,PATHFINDER,P31→P14,True,缺口期申报,True,中,1,规则2_靠泊不符,申报到达时刻，船舶实际不在申报目的港 P14 附近
D001,303966000,303966000_3,USS MICHAEL MURPHY,P14→P30,False,,False,低,0,,
D001F0,303966000,303966000_3,USS MICHAEL MURPHY,P14→P28,True,伪造航线,True,高,2,规则1_航线不符;规则2_靠泊不符,申报目的港 P28，实际终点最近港 P30 | 申报到达时刻，船舶实际不在申报目的港 P28 附近
D001F1,303966000,303966000_3,USS MICHAEL MURPHY,P19→P30,True,伪造靠泊,True,高,2,规则1_航线不符;规则2_靠泊不符,申报起运港 P19，实际起点最近港 P14 | 申报起运时刻，船舶实际不在申报起运港 P19 附近
D001F2,303966000,303966000_3,USS MICHAEL MURPHY,P14→P30,True,时间不符,True,中,1,规则2_时段无记录,申报时段 2017-01-10 18:34–2017-01-12 18:34 内无任何 AIS 记录
D001F3,303966000,303966000_3,USS MICHAEL MURPHY,P14→P30,True,缺口期申报,True,中,1,规则2_靠泊不符,申报起运时刻，船舶实际不在申报起运港 P14 附近
D002,311476000,311476000_1,LIMERICK SPIRIT,P28→P19,False,,False,低,0,,
D002F0,311476000,311476000_1,LIMERICK SPIRIT,P28→P18,True,伪造航线,True,高,2,规则1_航线不符;规则2_靠泊不符,申报目的港 P18，实际终点最近港 P19 | 申报到达时刻，船舶实际不在申报目的港 P18 附近
D002F1,311476000,311476000_1,LIMERICK SPIRIT,P38→P19,True,伪造靠泊,True,高,2,规则1_航线不符;规则2_靠泊不符,申报起运港 P38，实际起点最近港 P28 | 申报起运时刻，船舶实际不在申报起运港 P38 附近
D002F2,311476000,311476000_1,LIMERICK SPIRIT,P28→P19,True,时间不符,True,中,1,规则2_时段无记录,申报时段 2016-12-29 00:02–2016-12-31 00:02 内无任何 AIS 记录
D002F3,311476000,311476000_1,LIMERICK SPIRIT,P28→P19,True,缺口期申报,True,中,1,规则2_靠泊不符,申报到达时刻，船舶实际不在申报目的港 P19 附近
D003,316017865,316017865_1,FORTY,P02→P03,False,,False,低,0,,
D004,316017865,316017865_2,FORTY,P28→P02,False,,False,低,0,,
D005,338210969,338210969_2,TALISKER,P03→P36,False,,False,低,0,,
D006,366837840,366837840_1,MAKANI OLU,P33→P42,False,,False,低,0,,
D007,366837840,366837840_12,MAKANI OLU,P42→P36,False,,False,低,0,,申报时段内有 2.8 小时信号缺口，但缺口前船舶处于停泊状态，判为「证据缺失」不予采信
D008,366853890,366853890_6,NEIL ABERCROMBIE,P18→P14,False,,False,低,0,,
D009,366853890,366853890_9,NEIL ABERCROMBIE,P14→P18,False,,False,低,0,,
