score,K,hits,recall,precision,lift
s_raw,10,0,0.0,0.0,0.0
s_raw,20,1,0.07692307692307693,0.05,172.40769230769232
s_raw,50,2,0.15384615384615385,0.04,137.92615384615385
s_raw,100,3,0.23076923076923078,0.03,103.44461538461539
s_raw,200,9,0.6923076923076923,0.045,155.16692307692307
s_raw,500,9,0.6923076923076923,0.018,62.066769230769225
s_raw,1000,11,0.8461538461538461,0.011,37.92969230769231
s_pers_sqrt,10,0,0.0,0.0,0.0
s_pers_sqrt,20,1,0.07692307692307693,0.05,172.40769230769232
s_pers_sqrt,50,2,0.15384615384615385,0.04,137.92615384615385
s_pers_sqrt,100,2,0.15384615384615385,0.02,68.96307692307693
s_pers_sqrt,200,7,0.5384615384615384,0.035,120.68538461538463
s_pers_sqrt,500,9,0.6923076923076923,0.018,62.066769230769225
s_pers_sqrt,1000,11,0.8461538461538461,0.011,37.92969230769231
s_per_month,10,1,0.07692307692307693,0.1,344.81538461538463
s_per_month,20,2,0.15384615384615385,0.1,344.81538461538463
s_per_month,50,4,0.3076923076923077,0.08,275.8523076923077
s_per_month,100,4,0.3076923076923077,0.04,137.92615384615385
s_per_month,200,5,0.38461538461538464,0.025,86.20384615384616
s_per_month,500,10,0.7692307692307693,0.02,68.96307692307693
s_per_month,1000,11,0.8461538461538461,0.011,37.92969230769231
s_class_z,10,3,0.23076923076923078,0.3,1034.446153846154
s_class_z,20,3,0.23076923076923078,0.15,517.223076923077
s_class_z,50,4,0.3076923076923077,0.08,275.8523076923077
s_class_z,100,5,0.38461538461538464,0.05,172.40769230769232
s_class_z,200,6,0.46153846153846156,0.03,103.44461538461539
s_class_z,500,9,0.6923076923076923,0.018,62.066769230769225
s_class_z,1000,9,0.6923076923076923,0.009,31.033384615384612
s_class_pct_w,10,0,0.0,0.0,0.0
s_class_pct_w,20,1,0.07692307692307693,0.05,172.40769230769232
s_class_pct_w,50,2,0.15384615384615385,0.04,137.92615384615385
s_class_pct_w,100,3,0.23076923076923078,0.03,103.44461538461539
s_class_pct_w,200,9,0.6923076923076923,0.045,155.16692307692307
s_class_pct_w,500,11,0.8461538461538461,0.022,75.85938461538461
s_class_pct_w,1000,11,0.8461538461538461,0.011,37.92969230769231
